protocol,dataset,seed,fpr95,fpr95_idpos,auroc,inverted,kept
four_ood,inaturalist,0,0.188,0.19,99.92086820000002,11623,9162
four_ood_45k,inaturalist,0,0.1911196053157918,0.19,99.91964087292769,11623,9162
four_ood,inaturalist,1,0.178,0.16999999999999998,99.92087040000001,11593,9178
four_ood_45k,inaturalist,1,0.18667496333170364,0.16999999999999998,99.91942219654207,11593,9178
four_ood,inaturalist,2,0.198,0.22999999999999998,99.9166758,11605,9171
four_ood_45k,inaturalist,2,0.20445353126805635,0.22999999999999998,99.91564291746299,11605,9171
four_ood,places,0,16.11,14.56,96.89035539999999,11226,6896
four_ood_45k,places,0,16.140717365216233,14.66,96.87944553091249,11226,6896
four_ood,places,1,15.834000000000001,14.05,96.9953036,11341,6954
four_ood_45k,places,1,15.909595982043644,14.180000000000001,96.97878239032846,11341,6954
four_ood,places,2,16.18,14.12,96.8945501,11283,6927
four_ood_45k,places,2,16.211831636961644,14.21,96.88008789279523,11283,6927
four_ood,sun,0,4.934,4.89,99.04312990000001,12983,6427
four_ood_45k,sun,0,4.973554380194675,4.95,99.03429896884305,12983,6427
four_ood,sun,1,5.0360000000000005,5.06,99.0568304,12966,6407
four_ood_45k,sun,1,5.08467042979688,5.140000000000001,99.04612138317259,12966,6407
four_ood,sun,2,5.148,5.11,99.01746899999999,12825,6383
four_ood_45k,sun,2,5.149117738566159,5.11,99.00859527090094,12825,6383
four_ood,textures_all,0,7.5920000000000005,7.5,98.54944361702127,8303,5244
four_ood_45k,textures_all,0,7.644784212631672,7.535460992907801,98.53906962452864,8303,5244
four_ood,textures_all,1,7.986,7.145390070921986,98.30340088652481,8222,5169
four_ood_45k,textures_all,1,8.047024312191652,7.234042553191489,98.28892966558955,8222,5169
four_ood,textures_all,2,9.642000000000001,8.47517730496454,98.23056347517732,8171,5151
four_ood_45k,textures_all,2,9.635983821503178,8.47517730496454,98.22258570042041,8171,5151
openood_v15,inaturalist,0,0.2,0.19,99.92265266666666,11445,9155
openood_v15,inaturalist,1,0.1977777777777778,0.16,99.92262833333334,11477,9188
openood_v15,inaturalist,2,0.20888888888888887,0.22999999999999998,99.9100358888889,11452,9141
openood_v15,ninco,0,68.36444444444444,58.13913930940636,80.96178677401676,5156,2036
openood_v15,ninco,1,69.62,59.67001190678687,79.90320273667102,5192,2134
openood_v15,ninco,2,67.81777777777778,61.524068719169925,79.80993593014685,4802,1981
openood_v15,openimage_o,0,36.23777777777778,27.947570735396056,93.37418684927286,14071,9662
openood_v15,openimage_o,1,37.77777777777778,28.256348856260633,93.16526813283761,14012,9577
openood_v15,openimage_o,2,37.43111111111111,28.48320625118155,93.20438233873169,14195,9700
openood_v15,ssb_hard,0,64.38000000000001,54.002040816326534,84.13949575963719,29524,11061
openood_v15,ssb_hard,1,65.42,53.96326530612245,83.79489122448979,29113,10841
openood_v15,ssb_hard,2,64.22888888888889,52.487755102040815,84.56943503401361,30499,11146
openood_v15,textures,0,9.98,7.383720930232558,98.2422700258398,7505,4849
openood_v15,textures,1,6.466666666666667,6.25968992248062,98.59574117140394,7620,4925
openood_v15,textures,2,8.26888888888889,7.209302325581396,98.41117204995693,7521,4809
