method,config,protocol,group,dataset,seed,order,fpr95,auroc,aupr_in,aupr_out,fpr95_idpos,acc,n_id,n_ood,cold_fpr95,cold_auroc,method_seconds,img_per_s,label,n_inverted,inversion_seconds
tins,tins_5shot,openood_v15,near,ninco,0,shuffled,68.36444444444444,80.96178677401676,96.61225150325863,52.41081610600234,58.13913930940636,66.79555555555555,45000,5879,70.62445030782762,78.4508367621824,220.415,230.8,tins_5shot,5156,218.19934339999963
tins,tins_5shot,openood_v15,near,ssb_hard,0,shuffled,64.38000000000001,84.13949575963719,81.56092365097656,86.17971206852945,54.002040816326534,66.79555555555555,45000,49000,80.60556464811785,69.54926374709792,394.675,238.2,tins_5shot,29524,392.012273599998
tins,tins_5shot,openood_v15,far,inaturalist,0,shuffled,0.2,99.92265266666666,99.98216251158965,99.69600825226082,0.19,66.79555555555555,45000,10000,0.2823529411764706,99.78601757944557,232.841,236.2,tins_5shot,11445,231.22523900000215
tins,tins_5shot,openood_v15,far,textures,0,shuffled,9.98,98.2422700258398,99.76534217226003,92.74293715941585,7.383720930232558,66.79555555555555,45000,5160,35.59842174484875,91.52104261634604,215.001,233.3,tins_5shot,7505,213.64127370000006
tins,tins_5shot,openood_v15,far,openimage_o,0,shuffled,36.23777777777778,93.37418684927286,97.2522001734446,87.44430382377418,27.947570735396056,66.79555555555555,45000,15869,43.58841778697001,91.31986546448123,258.863,235.1,tins_5shot,14071,257.08085699999947
tins,tins_5shot,four_ood,four,inaturalist,0,shuffled,0.188,99.92086820000002,99.98311953398627,99.67848034831613,0.19,66.842,50000,10000,0.2827521206409048,99.86325040131867,233.352,257.1,tins_5shot,11623,231.64766079999617
tins,tins_5shot,four_ood,four,sun,0,shuffled,4.934,99.04312990000001,99.79789557626995,96.08027890540737,4.89,66.842,50000,10000,9.142318567389255,97.74078043028246,235.648,254.6,tins_5shot,12983,234.01991919998818
tins,tins_5shot,four_ood,four,places,0,shuffled,16.11,96.89035539999999,99.25982401964532,90.40670257371201,14.56,66.842,50000,10000,27.14420358152686,94.89281671895644,254.806,235.5,tins_5shot,11226,253.10848629999055
tins,tins_5shot,four_ood,four,textures_all,0,shuffled,7.5920000000000005,98.54944361702127,99.81879488120482,92.89482000934667,7.5,66.842,50000,5640,21.539122957867583,94.56662330695005,217.417,255.9,tins_5shot,8303,215.98548729999766
tins,tins_5shot,openood_v15,near,ssb_hard,1,shuffled,65.42,83.79489122448979,81.1567498429866,86.02459478268088,53.96326530612245,66.79555555555555,45000,49000,79.08496732026144,68.51752989119801,359.137,261.7,tins_5shot,29113,356.6663187999957
tins,tins_5shot,openood_v15,near,ninco,1,shuffled,69.62,79.90320273667102,96.40711855237682,51.2428352500514,59.67001190678687,66.79555555555555,45000,5879,68.38852097130243,75.76757585961761,199.096,255.6,tins_5shot,5192,198.08280610000202
tins,tins_5shot,openood_v15,far,inaturalist,1,shuffled,0.1977777777777778,99.92262833333334,99.98191618318285,99.69579546477341,0.16,66.79555555555555,45000,10000,0.33159639981051636,99.89512986910225,212.404,258.9,tins_5shot,11477,210.88321379999707
tins,tins_5shot,openood_v15,far,textures,1,shuffled,6.466666666666667,98.59574117140394,99.81252777635852,93.89266424182087,6.25968992248062,66.79555555555555,45000,5160,31.089882761615286,92.62457528752043,194.962,257.3,tins_5shot,7620,193.6923867000014
tins,tins_5shot,openood_v15,far,openimage_o,1,shuffled,37.77777777777778,93.16526813283761,97.13465031215392,87.34003759702192,28.256348856260633,66.79555555555555,45000,15869,48.74398717263496,90.74398872408212,234.986,259.0,tins_5shot,14012,233.32295279999835
tins,tins_5shot,four_ood,four,inaturalist,1,shuffled,0.178,99.92087040000001,99.98287509407785,99.68355447073907,0.16999999999999998,66.842,50000,10000,0.2843601895734597,99.85002632964718,234.305,256.1,tins_5shot,11593,232.62368270000115
tins,tins_5shot,four_ood,four,sun,1,shuffled,5.0360000000000005,99.0568304,99.80171530739996,96.15381333985526,5.06,66.842,50000,10000,10.947867298578199,97.68783570300158,236.245,254.0,tins_5shot,12966,234.61364339999818
tins,tins_5shot,four_ood,four,places,1,shuffled,15.834000000000001,96.9953036,99.29948853826053,90.56983897299232,14.05,66.842,50000,10000,22.3696682464455,94.68035808320168,227.508,263.7,tins_5shot,11341,225.9345138999979
tins,tins_5shot,four_ood,four,textures_all,1,shuffled,7.986,98.30340088652481,99.77516544574293,92.59271001279174,7.145390070921986,66.842,50000,5640,36.39091298756965,90.7726906235189,212.902,261.3,tins_5shot,8222,211.51303640000515
tins,tins_5shot,openood_v15,near,ssb_hard,2,shuffled,64.22888888888889,84.56943503401361,81.96861914969098,86.6572816352063,52.487755102040815,66.79555555555555,45000,49000,74.8,70.39035114503817,361.776,259.8,tins_5shot,30499,359.20874639999784
tins,tins_5shot,openood_v15,near,ninco,2,shuffled,67.81777777777778,79.80993593014685,96.45885474905033,49.602029722257825,61.524068719169925,66.79555555555555,45000,5879,69.8896247240618,76.17517865828563,195.17,260.7,tins_5shot,4802,194.2010285999968
tins,tins_5shot,openood_v15,far,inaturalist,2,shuffled,0.20888888888888887,99.9100358888889,99.97862604467619,99.66626045504944,0.22999999999999998,66.79555555555555,45000,10000,0.236630383341221,99.88565511677471,208.066,264.3,tins_5shot,11452,206.55431300000419
tins,tins_5shot,openood_v15,far,textures,2,shuffled,8.26888888888889,98.41117204995693,99.78890934401035,93.274010680829,7.209302325581396,66.79555555555555,45000,5160,31.120689655172413,91.95815373563218,190.797,262.9,tins_5shot,7521,189.56950889999553
tins,tins_5shot,openood_v15,far,openimage_o,2,shuffled,37.43111111111111,93.20438233873169,97.15131039386235,87.34085475071684,28.48320625118155,66.79555555555555,45000,15869,40.64955474070194,91.46021070859274,229.922,264.7,tins_5shot,14195,228.29259619999812
tins,tins_5shot,four_ood,four,inaturalist,2,shuffled,0.198,99.9166758,99.98200155038042,99.66881323168776,0.22999999999999998,66.842,50000,10000,0.6582040432534085,99.89076983379859,227.614,263.6,tins_5shot,11605,225.99564469999495
tins,tins_5shot,four_ood,four,sun,2,shuffled,5.148,99.01746899999999,99.79515775890626,96.059271850423,5.11,66.842,50000,10000,11.001410437235542,97.33298153836465,225.558,266.0,tins_5shot,12825,223.9982397000149
tins,tins_5shot,four_ood,four,places,2,shuffled,16.18,96.8945501,99.26478032924236,90.38667406780783,14.12,66.842,50000,10000,31.828866948754115,93.5977658847915,226.389,265.0,tins_5shot,11283,224.82841580000786
tins,tins_5shot,four_ood,four,textures_all,2,shuffled,9.642000000000001,98.23056347517732,99.76952129026095,92.28413518423261,8.47517730496454,66.842,50000,5640,39.55125384953806,91.8943942754744,213.059,261.1,tins_5shot,8171,211.67501890000858
