id,ood,seed,fpr95,auroc,batches,final_surv_first,final_surv_init,final_oracle_overlap,batches_to_90pct_oracle_plateau,churn_first10,churn_second_half,unique_labels,dwell_median,dwell_mean,dwell_p90,final_pos_purity,final_neg_purity,mean_prec_admit_id,mean_prec_admit_ood
imagenet_val_all,inaturalist,0,0.494,99.82666850000001,235,0.008,0.003,0.797,3,0.1685,0.07527118644067793,4066,6.0,11.949557612122446,19.0,1.0,0.8733333333333333,0.9986565875467174,0.9152824561369834
imagenet_val_all,inaturalist,1,0.44999999999999996,99.8370165,235,0.013,0.004,0.791,3,0.18049999999999997,0.07470338983050842,4096,6.0,11.88609579687421,20.0,0.9966666666666667,0.92,0.9986906550598644,0.916513991232359
imagenet_val_all,inaturalist,2,0.47400000000000003,99.83765280000001,235,0.014,0.004,0.801,5,0.18899999999999997,0.07610169491525422,4196,6.0,11.870485427084912,19.0,1.0,0.9,0.9987537544676697,0.9156547422313367
imagenet_val_all,sun,0,3.5999999999999996,98.9860207,235,0.019,0.016,0.683,5,0.18089999999999998,0.11372881355932203,6629,5.0,8.283105988509394,13.0,0.9933333333333333,0.74,0.9967616367662888,0.7863140781882547
imagenet_val_all,sun,1,3.7560000000000002,99.0039046,235,0.021,0.014,0.698,4,0.1959,0.11579661016949153,6624,5.0,8.21735785719281,13.0,0.9966666666666667,0.82,0.9969253638348399,0.7860361720275513
imagenet_val_all,sun,2,3.8280000000000003,98.9858222,235,0.019,0.013,0.69,5,0.1993,0.11298305084745759,6643,5.0,8.306528577993001,14.0,1.0,0.82,0.9972672883648672,0.7842540069792073
imagenet_val_all,places,0,21.384,95.67082620000001,235,0.016,0.015,0.586,4,0.19640000000000002,0.1355,8419,6.0,7.043942209699658,12.0,0.9833333333333333,0.7,0.9831240577335916,0.7150942674939135
imagenet_val_all,places,1,21.168,95.76095150000002,235,0.02,0.017,0.588,5,0.2048,0.13592372881355932,8326,6.0,7.092198581560283,12.0,0.98,0.7266666666666667,0.9833699170060322,0.7199933303251874
imagenet_val_all,places,2,21.564,95.5958751,235,0.015,0.013,0.627,6,0.22230000000000003,0.13568644067796612,8641,5.0,6.952251346074196,12.0,0.9733333333333334,0.7433333333333333,0.9835014826614582,0.7080816898585814
imagenet_val_all,textures_all,0,14.582,96.69049911347518,218,0.1,0.095,0.555,5,0.18639999999999998,0.11358715596330274,7736,6.0,8.134328358208956,13.0,0.9966666666666667,0.42333333333333334,0.9958342967062965,0.48197679651612113
imagenet_val_all,textures_all,1,13.404,96.83589024822696,218,0.133,0.126,0.603,7,0.19690000000000002,0.11327522935779813,7725,6.0,8.138276029417254,13.0,0.9933333333333333,0.51,0.9963523279115415,0.48260177023966083
imagenet_val_all,textures_all,2,13.886000000000001,96.77314468085105,218,0.128,0.121,0.569,4,0.17800000000000002,0.11234862385321098,7628,6.0,8.186870962896199,13.0,0.9966666666666667,0.46,0.9957447725310398,0.4857092420959158
imagenet_test,ssb_hard,0,62.864444444444445,83.9532060090703,368,0.021,0.013,0.563,13,0.2495,0.1614021739130435,9654,4.0,5.939890886786971,10.0,0.7166666666666667,0.8933333333333333,0.7083874252478649,0.8823468624764039
imagenet_test,ssb_hard,1,62.17333333333334,84.1377147165533,368,0.014,0.01,0.595,6,0.25470000000000004,0.16017391304347828,9624,4.0,5.965890668568835,10.0,0.7233333333333334,0.89,0.7093361225322157,0.8840914673489947
imagenet_test,ssb_hard,2,62.62,84.16315238095237,368,0.013,0.011,0.579,5,0.2733,0.16296739130434784,9647,4.0,5.8779369719041,9.0,0.7066666666666667,0.87,0.7123353357678669,0.8837633455173236
imagenet_test,ninco,0,57.77333333333333,85.02235055092514,199,0.024,0.022,0.531,9,0.2012,0.08829,6483,5.0,9.69691063249196,15.0,0.97,0.39,0.961521572846798,0.3881944978611132
imagenet_test,ninco,1,57.153333333333336,85.08210466632646,199,0.022,0.02,0.537,16,0.20010000000000003,0.08857999999999999,6675,5.0,9.495180837866208,14.0,0.9633333333333334,0.36666666666666664,0.9622525297997538,0.3912220762042916
imagenet_test,ninco,2,57.84222222222222,84.9049218498989,199,0.023,0.02,0.556,16,0.2192,0.08881999999999998,6689,5.0,9.575594264267155,14.0,0.9566666666666667,0.4033333333333333,0.9611552365528198,0.386336910774115
