order,seed,position,ood,fpr95,post_shift_fpr95,churn_at_shift,overlap_at_shift,batches_to_90pct,final_overlap
I-S-P-T,0,0,inaturalist,0.494,1.4608859566446748,,,3,0.797
I-S-P-T,0,1,sun,4.474,23.933649289099527,0.03400000000000003,0.035,10,0.698
I-S-P-T,0,2,places,20.788,19.652092148566055,0.03600000000000003,0.549,0,0.627
I-S-P-T,0,3,textures_all,14.64,29.275741710296682,0.06399999999999995,0.082,8,0.573
S-P-T-I,0,0,sun,3.5999999999999996,9.519321394910461,,,5,0.683
S-P-T-I,0,1,places,21.196,20.09478672985782,0.04800000000000004,0.512,2,0.588
S-P-T-I,0,2,textures_all,15.409999999999998,28.904531456225254,0.061000000000000054,0.057,7,0.569
S-P-T-I,0,3,inaturalist,0.518,3.9735099337748347,0.04800000000000004,0.025,6,0.806
P-T-I-S,0,0,places,21.384,24.363807728557966,,,4,0.586
P-T-I-S,0,1,textures_all,15.751999999999999,43.12044577796828,0.06499999999999995,0.066,14,0.603
P-T-I-S,0,2,inaturalist,0.5660000000000001,4.513399153737659,0.04500000000000004,0.021,6,0.801
P-T-I-S,0,3,sun,4.308,21.381267738883633,0.05300000000000005,0.032,9,0.689
T-I-S-P,0,0,textures_all,14.582,19.217540842648322,,,5,0.555
T-I-S-P,0,1,inaturalist,0.488,2.085308056872038,0.052000000000000046,0.039,4,0.791
T-I-S-P,0,2,sun,4.656,20.07522331922896,0.038000000000000034,0.037,9,0.69
T-I-S-P,0,3,places,21.068,27.057710501419113,0.07099999999999995,0.542,0,0.586
