method,config,protocol,group,dataset,seed,order,fpr95,auroc,aupr_in,aupr_out,fpr95_idpos,acc,n_id,n_ood,cold_fpr95,cold_auroc,method_seconds,img_per_s,label,backbone
tanl,tanl,openood_v15,near,ssb_hard,0,shuffled,62.74,83.95676301587301,81.98347382638124,85.86821956319007,52.118367346938776,66.8,45000,49000,68.73977086743044,80.76678433991667,84.784,1108.7,tanl,ViT-B/16
tanl,tanl,openood_v15,near,ssb_hard,1,shuffled,62.144444444444446,84.13525904761904,82.17937946787954,86.07789837216448,52.07142857142857,66.8,45000,49000,68.4640522875817,80.981052600681,89.695,1048.0,tanl,ViT-B/16
tanl,tanl,openood_v15,near,ssb_hard,2,shuffled,62.63333333333333,84.16670922902495,82.13184574910065,86.06122367808186,52.02040816326531,66.8,45000,49000,63.36000000000001,83.77514503816795,39.864,2358.0,tanl,ViT-B/16
tanl,tanl,openood_v15,near,ninco,0,shuffled,57.7,85.06099015327624,97.50992581089363,53.95224359564449,54.36298690253445,66.8,45000,5879,69.26121372031663,80.02257197507858,64.652,787.0,tanl,ViT-B/16
tanl,tanl,openood_v15,near,ninco,1,shuffled,57.18666666666666,84.94626467086239,97.5028737793418,53.12467703395775,55.07739411464535,66.8,45000,5879,63.22295805739514,79.97021738317058,63.683,798.9,tanl,ViT-B/16
tanl,tanl,openood_v15,near,ninco,2,shuffled,57.92,84.90199618226833,97.49091579740433,53.33892519849896,55.16244259227759,66.8,45000,5879,67.10816777041943,80.75100086055299,30.248,1682.1,tanl,ViT-B/16
tanl,tanl,openood_v15,far,inaturalist,0,shuffled,0.4688888888888889,99.83177666666668,99.95952451965422,99.35007372546164,0.43,66.8,45000,10000,1.3647058823529412,99.60557133198108,65.474,840.0,tanl,ViT-B/16
tanl,tanl,openood_v15,far,inaturalist,1,shuffled,0.4488888888888888,99.83526955555556,99.95978003038502,99.37841219590726,0.48,66.8,45000,10000,0.947418285172904,99.7442603648932,37.65,1460.8,tanl,ViT-B/16
tanl,tanl,openood_v15,far,inaturalist,2,shuffled,0.48,99.82745411111112,99.95849583063372,99.33562583416936,0.49,66.8,45000,10000,1.5144344533838143,99.69942118196612,31.613,1739.8,tanl,ViT-B/16
tanl,tanl,openood_v15,far,textures,0,shuffled,11.342222222222222,97.30012403100775,99.66884642650636,81.96987103778083,13.197674418604652,66.8,45000,5160,13.590530469092505,96.9203282846139,63.841,785.7,tanl,ViT-B/16
tanl,tanl,openood_v15,far,textures,1,shuffled,11.442222222222222,97.28708397932816,99.66846683300984,81.32369892993194,13.352713178294572,66.8,45000,5160,13.156752062527138,96.90422406233792,59.398,844.5,tanl,ViT-B/16
tanl,tanl,openood_v15,far,textures,2,shuffled,11.346666666666666,97.29613953488372,99.66972409224698,81.60667243972782,13.565891472868216,66.8,45000,5160,12.801724137931034,97.20923132183908,17.748,2826.3,tanl,ViT-B/16
tanl,tanl,openood_v15,far,openimage_o,0,shuffled,39.09555555555556,91.56221466030908,96.5580630064771,83.60292061651103,37.00296174932258,66.8,45000,15869,34.79834539813857,93.77170260778205,21.504,2830.6,tanl,ViT-B/16
tanl,tanl,openood_v15,far,openimage_o,1,shuffled,39.297777777777775,91.56733379545024,96.57833360435797,83.39268210144942,37.16680320120991,66.8,45000,15869,41.95617316942811,91.60612790595748,40.04,1520.2,tanl,ViT-B/16
tanl,tanl,openood_v15,far,openimage_o,2,shuffled,38.87777777777778,91.54985982453562,96.5730947703094,83.47500750249122,37.13529522969312,66.8,45000,15869,36.35411210057622,92.58520759053044,31.682,1921.3,tanl,ViT-B/16
tanl,tanl,four_ood,four,inaturalist,0,shuffled,0.496,99.8268798,99.96251340665192,99.2406489309837,0.48,66.85,50000,10000,1.4608859566446748,99.6225668039542,29.087,2062.8,tanl,ViT-B/16
tanl,tanl,four_ood,four,inaturalist,1,shuffled,0.4519999999999999,99.8370636,99.96436504034888,99.32857967198318,0.4599999999999999,66.85,50000,10000,1.5639810426540284,99.64370721432331,31.661,1895.1,tanl,ViT-B/16
tanl,tanl,four_ood,four,inaturalist,2,shuffled,0.474,99.8374971,99.9642914984818,99.33612122688086,0.41,66.85,50000,10000,1.5044663845792194,99.66210310415627,31.507,1904.4,tanl,ViT-B/16
tanl,tanl,four_ood,four,sun,0,shuffled,3.6020000000000003,98.98588089999998,99.78726365063346,95.37624972180086,3.41,66.85,50000,10000,9.51932139491046,98.05225964993824,32.011,1874.3,tanl,ViT-B/16
tanl,tanl,four_ood,four,sun,1,shuffled,3.766,99.0019527,99.79208601252986,95.42338443580816,3.43,66.85,50000,10000,8.151658767772512,98.18852027382836,31.076,1930.7,tanl,ViT-B/16
tanl,tanl,four_ood,four,sun,2,shuffled,3.838,98.9864863,99.789921289663,95.2415376480213,3.58,66.85,50000,10000,8.321579689703809,98.37034238119593,32.382,1852.9,tanl,ViT-B/16
tanl,tanl,four_ood,four,places,0,shuffled,21.32,95.6706925,98.96353453791514,84.27490964912207,17.43,66.85,50000,10000,24.31668237511781,95.19332154123576,32.551,1843.2,tanl,ViT-B/16
tanl,tanl,four_ood,four,places,1,shuffled,21.182,95.76762349999998,98.98319903162214,84.84513002147362,16.66,66.85,50000,10000,26.11374407582938,94.83422854133754,31.381,1912.0,tanl,ViT-B/16
tanl,tanl,four_ood,four,places,2,shuffled,21.58,95.5982015,98.95239427115791,83.83203816007104,17.78,66.85,50000,10000,32.44005641748942,93.96302461153256,28.934,2073.7,tanl,ViT-B/16
tanl,tanl,four_ood,four,textures_all,0,shuffled,14.59,96.68191134751774,99.59309492851384,78.63107511794692,16.418439716312054,66.85,50000,5640,19.303525365434226,95.8185432605037,27.007,2060.2,tanl,ViT-B/16
tanl,tanl,four_ood,four,textures_all,1,shuffled,13.44,96.84000195035462,99.6155340406801,79.08830744022033,15.585106382978722,66.85,50000,5640,24.08915559365624,95.81129588682587,26.968,2063.2,tanl,ViT-B/16
tanl,tanl,four_ood,four,textures_all,2,shuffled,13.968,96.77082358156028,99.60508635740814,79.05710783305665,15.567375886524824,66.85,50000,5640,13.814342278926528,96.78041422485748,27.003,2060.5,tanl,ViT-B/16
reneg_tanl,reneg_balanced_blind,openood_v15,near,ssb_hard,0,shuffled,62.34,85.06792875283446,82.78309003293548,87.04840599479796,48.5061224489796,66.8,45000,49000,71.03109656301146,80.72965977507529,49.458,1900.6,reneg_balanced_blind,ViT-B/16
reneg_tanl,reneg_balanced_blind,openood_v15,near,ssb_hard,1,shuffled,61.93333333333333,85.1962428798186,82.95848996614139,87.02407414950638,48.20816326530612,66.8,45000,49000,70.83333333333334,80.67951107588745,48.5,1938.2,reneg_balanced_blind,ViT-B/16
reneg_tanl,reneg_balanced_blind,openood_v15,near,ssb_hard,2,shuffled,62.22,85.28963031746031,82.99900245402458,87.04258753251649,48.52857142857143,66.8,45000,49000,65.44,83.78485496183207,49.417,1902.2,reneg_balanced_blind,ViT-B/16
reneg_tanl,reneg_balanced_blind,openood_v15,near,ninco,0,shuffled,52.44,88.97053353744967,98.14226376305824,64.49109385093861,40.65317230821569,66.8,45000,5879,69.04133685136323,79.74811028900739,26.712,1904.7,reneg_balanced_blind,ViT-B/16
reneg_tanl,reneg_balanced_blind,openood_v15,near,ninco,1,shuffled,50.87111111111111,89.01910944794089,98.17578583124076,63.664721323576536,41.75880251743494,66.8,45000,5879,63.26710816777042,80.57619635574513,26.186,1943.0,reneg_balanced_blind,ViT-B/16
reneg_tanl,reneg_balanced_blind,openood_v15,near,ninco,2,shuffled,49.60666666666667,89.16401409914762,98.19594574248312,63.98055197193875,41.77581221296139,66.8,45000,5879,65.91611479028697,81.17005275564036,26.152,1945.5,reneg_balanced_blind,ViT-B/16
reneg_tanl,reneg_balanced_blind,openood_v15,far,inaturalist,0,shuffled,0.1977777777777778,99.89491022222222,99.97354437491768,99.6371334827476,0.41,66.8,45000,10000,1.3176470588235294,99.64137931034485,28.415,1935.6,reneg_balanced_blind,ViT-B/16
reneg_tanl,reneg_balanced_blind,openood_v15,far,inaturalist,1,shuffled,0.1866666666666666,99.89372466666666,99.97277065255555,99.64077668405304,0.36,66.8,45000,10000,0.8526764566556134,99.79838348073882,28.377,1938.2,reneg_balanced_blind,ViT-B/16
reneg_tanl,reneg_balanced_blind,openood_v15,far,inaturalist,2,shuffled,0.2644444444444444,99.88529555555556,99.9713218791255,99.59974975700356,0.38,66.8,45000,10000,1.5144344533838143,99.71847866250366,28.605,1922.7,reneg_balanced_blind,ViT-B/16
reneg_tanl,reneg_balanced_blind,openood_v15,far,textures,0,shuffled,9.033333333333331,98.02927799310936,99.7509884520871,88.76172574572902,9.41860465116279,66.8,45000,5160,12.801402893467776,97.3302912166738,25.917,1935.4,reneg_balanced_blind,ViT-B/16
reneg_tanl,reneg_balanced_blind,openood_v15,far,textures,1,shuffled,9.29111111111111,97.98429888027562,99.74684330050778,88.00648136791666,9.089147286821705,66.8,45000,5160,14.546244029526704,97.28741566996862,26.129,1919.7,reneg_balanced_blind,ViT-B/16
reneg_tanl,reneg_balanced_blind,openood_v15,far,textures,2,shuffled,9.702222222222222,97.93519767441862,99.74369132792307,86.95057276786801,9.41860465116279,66.8,45000,5160,12.5,97.33010057471265,25.849,1940.5,reneg_balanced_blind,ViT-B/16
reneg_tanl,reneg_balanced_blind,openood_v15,far,openimage_o,0,shuffled,34.58444444444444,93.70865180890766,97.36194695322249,88.10761382331717,26.882601298128428,66.8,45000,15869,31.954498448810757,94.1675119188822,31.491,1932.9,reneg_balanced_blind,ViT-B/16
reneg_tanl,reneg_balanced_blind,openood_v15,far,openimage_o,1,shuffled,34.30444444444444,93.63899139482288,97.3411379063707,87.93421834075392,27.46234797403743,66.8,45000,15869,40.513094601817215,92.10468544796872,31.677,1921.5,reneg_balanced_blind,ViT-B/16
reneg_tanl,reneg_balanced_blind,openood_v15,far,openimage_o,2,shuffled,34.42,93.71837299836858,97.37494011728054,88.0941776214206,26.97712521267881,66.8,45000,15869,34.88737558931378,92.90256598423348,31.54,1929.9,reneg_balanced_blind,ViT-B/16
reneg_tanl,reneg_balanced_blind,four_ood,four,inaturalist,0,shuffled,0.258,99.8877862,99.97459724126504,99.56454347014332,0.4,66.85,50000,10000,1.6965127238454287,99.63547785969126,32.545,1843.6,reneg_balanced_blind,ViT-B/16
reneg_tanl,reneg_balanced_blind,four_ood,four,inaturalist,1,shuffled,0.234,99.88723489999998,99.9742768710522,99.5868997810041,0.37,66.85,50000,10000,1.3744075829383886,99.69257503949449,31.536,1902.6,reneg_balanced_blind,ViT-B/16
reneg_tanl,reneg_balanced_blind,four_ood,four,inaturalist,2,shuffled,0.206,99.891718,99.97500338148808,99.60998985082288,0.3399999999999999,66.85,50000,10000,0.940291490362012,99.74505722640068,30.414,1972.8,reneg_balanced_blind,ViT-B/16
reneg_tanl,reneg_balanced_blind,four_ood,four,sun,0,shuffled,3.434,99.053466,99.79550777574276,95.9423901466008,3.36,66.85,50000,10000,10.697455230914231,97.83610705847416,31.493,1905.2,reneg_balanced_blind,ViT-B/16
reneg_tanl,reneg_balanced_blind,four_ood,four,sun,1,shuffled,3.356,99.057775,99.80158280327676,95.80161082865092,3.32,66.85,50000,10000,6.966824644549763,98.2893101632438,31.313,1916.1,reneg_balanced_blind,ViT-B/16
reneg_tanl,reneg_balanced_blind,four_ood,four,sun,2,shuffled,3.3680000000000003,99.10791399999998,99.81102489010424,96.1439015121372,3.5000000000000004,66.85,50000,10000,8.180535966149506,98.40237309593688,30.188,1987.5,reneg_balanced_blind,ViT-B/16
reneg_tanl,reneg_balanced_blind,four_ood,four,places,0,shuffled,21.174,96.0084776,99.0228956428304,86.84414633612492,15.44,66.85,50000,10000,24.552309142318567,95.25895274123232,30.185,1987.8,reneg_balanced_blind,ViT-B/16
reneg_tanl,reneg_balanced_blind,four_ood,four,places,1,shuffled,21.644,96.0737176,99.03710824904752,87.1367253901665,15.12,66.85,50000,10000,26.303317535545023,95.16924697209058,30.088,1994.1,reneg_balanced_blind,ViT-B/16
reneg_tanl,reneg_balanced_blind,four_ood,four,places,2,shuffled,21.806,96.0068281,99.02435640960157,87.08555161993677,15.54,66.85,50000,10000,26.234132581100138,94.03512086437328,30.379,1975.0,reneg_balanced_blind,ViT-B/16
reneg_tanl,reneg_balanced_blind,four_ood,four,textures_all,0,shuffled,14.306,97.33740921985816,99.66467163541174,85.45536466212793,12.340425531914894,66.85,50000,5640,20.5932932072227,96.13914794482292,28.258,1969.0,reneg_balanced_blind,ViT-B/16
reneg_tanl,reneg_balanced_blind,four_ood,four,textures_all,1,shuffled,13.148,97.3985404255319,99.67717715898232,84.58171655606981,12.340425531914894,66.85,50000,5640,18.43120445777968,96.38003666980744,28.231,1970.9,reneg_balanced_blind,ViT-B/16
reneg_tanl,reneg_balanced_blind,four_ood,four,textures_all,2,shuffled,12.436,97.43792163120568,99.68001043516662,84.90199301689887,11.45390070921986,66.85,50000,5640,14.82622085349758,96.83467949002916,28.4,1959.2,reneg_balanced_blind,ViT-B/16
reneg_tanl,reneg_balanced_full,openood_v15,near,ssb_hard,0,shuffled,62.13777777777778,85.40485981859409,83.04462911455207,87.41826956506944,47.43469387755102,66.8,45000,49000,71.03109656301146,80.79626381315153,49.699,1891.4,reneg_balanced_full,ViT-B/16
reneg_tanl,reneg_balanced_full,openood_v15,near,ssb_hard,1,shuffled,61.83555555555556,85.48751299319729,83.17569702943798,87.35526802176881,47.02857142857143,66.8,45000,49000,70.66993464052288,80.75705207232593,47.447,1981.1,reneg_balanced_full,ViT-B/16
reneg_tanl,reneg_balanced_full,openood_v15,near,ssb_hard,2,shuffled,61.93555555555555,85.5989206122449,83.24366024495356,87.38048129453635,47.50204081632653,66.8,45000,49000,65.60000000000001,83.89013740458016,49.372,1903.9,reneg_balanced_full,ViT-B/16
reneg_tanl,reneg_balanced_full,openood_v15,near,ninco,0,shuffled,52.12222222222223,89.10860879590255,98.16996527007564,64.67077503333721,40.55111413505698,66.8,45000,5879,69.08531222515391,80.21876979660621,25.642,1984.2,reneg_balanced_full,ViT-B/16
reneg_tanl,reneg_balanced_full,openood_v15,near,ninco,1,shuffled,50.855555555555554,89.13457844304587,98.1963278381098,63.78026385680427,41.69076373532914,66.8,45000,5879,63.35540838852097,80.8704306506529,25.787,1973.1,reneg_balanced_full,ViT-B/16
reneg_tanl,reneg_balanced_full,openood_v15,near,ninco,2,shuffled,49.477777777777774,89.27071006028991,98.21555722089244,64.22583708354193,41.65674434427624,66.8,45000,5879,65.91611479028697,81.34410895349272,25.778,1973.7,reneg_balanced_full,ViT-B/16
reneg_tanl,reneg_balanced_full,openood_v15,far,inaturalist,0,shuffled,0.2,99.89495044444443,99.9735534639274,99.6371801841408,0.41,66.8,45000,10000,1.3647058823529412,99.63997295469912,27.778,1980.0,reneg_balanced_full,ViT-B/16
reneg_tanl,reneg_balanced_full,openood_v15,far,inaturalist,1,shuffled,0.1866666666666666,99.89347533333334,99.97271354646054,99.6398371090534,0.35,66.8,45000,10000,0.8526764566556134,99.79764495869024,27.742,1982.6,reneg_balanced_full,ViT-B/16
reneg_tanl,reneg_balanced_full,openood_v15,far,inaturalist,2,shuffled,0.2644444444444444,99.88476311111113,99.9712019475006,99.59765204030155,0.4,66.8,45000,10000,1.5144344533838143,99.71265554345052,28.038,1961.6,reneg_balanced_full,ViT-B/16
reneg_tanl,reneg_balanced_full,openood_v15,far,textures,0,shuffled,9.346666666666668,98.0080906546081,99.74826352949562,88.68441230985376,9.45736434108527,66.8,45000,5160,13.1521262604121,97.18117093207248,25.294,1983.1,reneg_balanced_full,ViT-B/16
reneg_tanl,reneg_balanced_full,openood_v15,far,textures,1,shuffled,9.406666666666668,97.98111606373816,99.7463487474294,88.02977590584908,9.089147286821705,66.8,45000,5160,14.242292661745548,97.2877535814392,25.347,1979.0,reneg_balanced_full,ViT-B/16
reneg_tanl,reneg_balanced_full,openood_v15,far,textures,2,shuffled,9.746666666666666,97.92811757105942,99.74285739456136,86.84250399503645,9.41860465116279,66.8,45000,5160,12.54310344827586,97.31483477011494,25.183,1991.8,reneg_balanced_full,ViT-B/16
reneg_tanl,reneg_balanced_full,openood_v15,far,openimage_o,0,shuffled,34.68222222222222,93.73003605912297,97.36852848294416,88.15778696959397,26.674648686117585,66.8,45000,15869,31.12719751809721,94.13158181655989,31.072,1959.0,reneg_balanced_full,ViT-B/16
reneg_tanl,reneg_balanced_full,openood_v15,far,openimage_o,1,shuffled,34.20444444444444,93.65643112707517,97.34806470320775,87.96306621045372,27.285903333543388,66.8,45000,15869,40.56654195617317,92.06070192123455,31.024,1962.0,reneg_balanced_full,ViT-B/16
reneg_tanl,reneg_balanced_full,openood_v15,far,openimage_o,2,shuffled,34.41777777777778,93.7225857541958,97.37603973841496,88.09617894947395,26.91410926964522,66.8,45000,15869,34.677841801990574,92.93354544203665,31.022,1962.1,reneg_balanced_full,ViT-B/16
reneg_tanl,reneg_balanced_full,four_ood,four,inaturalist,0,shuffled,0.254,99.8880534,99.9746430187424,99.56653739217958,0.4,66.85,50000,10000,1.7436380772855795,99.63418675411756,33.815,1774.3,reneg_balanced_full,ViT-B/16
reneg_tanl,reneg_balanced_full,four_ood,four,inaturalist,1,shuffled,0.236,99.8871534,99.97425753279308,99.58683727670316,0.37,66.85,50000,10000,1.4218009478672986,99.68720379146922,30.544,1964.4,reneg_balanced_full,ViT-B/16
reneg_tanl,reneg_balanced_full,four_ood,four,inaturalist,2,shuffled,0.208,99.8909846,99.97485472983604,99.60678909319738,0.35,66.85,50000,10000,0.940291490362012,99.74733737897547,30.513,1966.4,reneg_balanced_full,ViT-B/16
reneg_tanl,reneg_balanced_full,four_ood,four,sun,0,shuffled,3.4680000000000004,99.0472715,99.79441020746764,95.90379235085436,3.36,66.85,50000,10000,10.791705937794534,97.82115175224544,30.318,1979.0,reneg_balanced_full,ViT-B/16
reneg_tanl,reneg_balanced_full,four_ood,four,sun,1,shuffled,3.386,99.0511811,99.8002889770242,95.7859069999692,3.38,66.85,50000,10000,6.919431279620854,98.27035281727224,30.3,1980.2,reneg_balanced_full,ViT-B/16
reneg_tanl,reneg_balanced_full,four_ood,four,sun,2,shuffled,3.422,99.0909748,99.80795242945253,96.01064775288948,3.4799999999999995,66.85,50000,10000,7.804419370004702,98.44265579142468,30.327,1978.4,reneg_balanced_full,ViT-B/16
reneg_tanl,reneg_balanced_full,four_ood,four,places,0,shuffled,21.358,95.9940857,99.0205022112404,86.72419809339425,15.48,66.85,50000,10000,24.69368520263902,95.21408682254614,30.238,1984.2,reneg_balanced_full,ViT-B/16
reneg_tanl,reneg_balanced_full,four_ood,four,places,1,shuffled,21.718,96.0498148,99.03207143811656,87.02917766732033,15.36,66.85,50000,10000,26.25592417061611,95.10184307530278,30.142,1990.6,reneg_balanced_full,ViT-B/16
reneg_tanl,reneg_balanced_full,four_ood,four,places,2,shuffled,21.87,95.979431,99.01878213556556,86.85898936671384,15.58,66.85,50000,10000,25.952045133991536,94.1403336188953,30.218,1985.6,reneg_balanced_full,ViT-B/16
reneg_tanl,reneg_balanced_full,four_ood,four,textures_all,0,shuffled,14.366,97.32928191489364,99.66352397071302,85.45674414418237,12.322695035460992,66.85,50000,5640,20.5932932072227,96.16211389642172,28.072,1982.1,reneg_balanced_full,ViT-B/16
reneg_tanl,reneg_balanced_full,four_ood,four,textures_all,1,shuffled,13.252,97.38778528368796,99.67582187022468,84.51949762306798,12.358156028368796,66.85,50000,5640,18.60265752250321,96.3690848220608,28.13,1978.0,reneg_balanced_full,ViT-B/16
reneg_tanl,reneg_balanced_full,four_ood,four,textures_all,2,shuffled,12.612000000000002,97.43412854609927,99.6795094437659,84.8758389723961,11.418439716312056,66.85,50000,5640,14.870215574131104,96.8362124071244,28.145,1976.9,reneg_balanced_full,ViT-B/16
reneg_tanl,reneg_max_blind,openood_v15,near,ssb_hard,0,shuffled,59.89111111111111,85.11483646258505,83.35760652863124,86.82099054900745,50.45918367346939,66.8,45000,49000,78.06873977086744,74.51572931727497,48.851,1924.2,reneg_max_blind,ViT-B/16
reneg_tanl,reneg_max_blind,openood_v15,near,ssb_hard,1,shuffled,59.36,85.29389503401362,83.66417777023148,86.84115972364955,49.71224489795919,66.8,45000,49000,78.83986928104575,74.6571195843607,47.57,1976.0,reneg_max_blind,ViT-B/16
reneg_tanl,reneg_max_blind,openood_v15,near,ssb_hard,2,shuffled,59.268888888888895,85.29351321995465,83.640662951663,86.77752524793073,50.46122448979592,66.8,45000,49000,72.72,76.352,48.494,1938.4,reneg_max_blind,ViT-B/16
reneg_tanl,reneg_max_blind,openood_v15,near,ninco,0,shuffled,46.17777777777778,89.32594980249854,98.28745307804182,63.319462854430654,43.272665419289,66.8,45000,5879,75.32981530343008,74.33006746990915,25.508,1994.6,reneg_max_blind,ViT-B/16
reneg_tanl,reneg_max_blind,openood_v15,near,ninco,1,shuffled,46.215555555555554,89.18061045907278,98.27415793232883,62.21503265654147,44.5654022792992,66.8,45000,5879,73.33333333333333,74.3321734575523,25.816,1970.8,reneg_max_blind,ViT-B/16
reneg_tanl,reneg_max_blind,openood_v15,near,ninco,2,shuffled,45.67111111111111,89.35105649108881,98.30231429748468,62.72345623929285,44.10614050008505,66.8,45000,5879,76.86534216335541,76.51842705877951,25.643,1984.1,reneg_max_blind,ViT-B/16
reneg_tanl,reneg_max_blind,openood_v15,far,inaturalist,0,shuffled,0.2555555555555556,99.87309266666664,99.9673038599225,99.56787346912697,0.4599999999999999,66.8,45000,10000,5.129411764705882,99.18409736308315,27.651,1989.1,reneg_max_blind,ViT-B/16
reneg_tanl,reneg_max_blind,openood_v15,far,inaturalist,1,shuffled,0.24,99.8702488888889,99.9650837080835,99.57160193688551,0.49,66.8,45000,10000,3.694931312174325,99.3729947807592,28.073,1959.2,reneg_max_blind,ViT-B/16
reneg_tanl,reneg_max_blind,openood_v15,far,inaturalist,2,shuffled,0.2911111111111111,99.8591611111111,99.96329649024464,99.52319441749653,0.47,66.8,45000,10000,4.969238050165641,99.17364646891356,27.805,1978.1,reneg_max_blind,ViT-B/16
reneg_tanl,reneg_max_blind,openood_v15,far,textures,0,shuffled,9.724444444444444,97.86791602067184,99.72191712350602,88.60211133928017,9.263565891472869,66.8,45000,5160,24.550635686102588,95.65696991981444,25.187,1991.5,reneg_max_blind,ViT-B/16
reneg_tanl,reneg_max_blind,openood_v15,far,textures,1,shuffled,9.46,97.8371106804479,99.7211648170403,87.80238009947797,9.30232558139535,66.8,45000,5160,23.317412071211464,95.42822675887145,25.388,1975.7,reneg_max_blind,ViT-B/16
reneg_tanl,reneg_max_blind,openood_v15,far,textures,2,shuffled,9.473333333333333,97.7949233419466,99.7176012017565,86.88837648605634,9.554263565891471,66.8,45000,5160,19.051724137931032,96.41002155172414,25.156,1994.0,reneg_max_blind,ViT-B/16
reneg_tanl,reneg_max_blind,openood_v15,far,openimage_o,0,shuffled,28.77777777777778,94.51101357643483,97.83689974733912,88.77678919427952,26.83218854370156,66.8,45000,15869,31.178903826266808,93.82646503959748,30.737,1980.3,reneg_max_blind,ViT-B/16
reneg_tanl,reneg_max_blind,openood_v15,far,openimage_o,1,shuffled,28.146666666666665,94.5073853284881,97.83925635984978,88.69774099444075,27.02753796710568,66.8,45000,15869,39.01656867985035,91.556791886552,30.702,1982.6,reneg_max_blind,ViT-B/16
reneg_tanl,reneg_max_blind,openood_v15,far,openimage_o,2,shuffled,28.226666666666667,94.54415149032704,97.8509201536714,88.7837408487525,26.605331148780643,66.8,45000,15869,36.45887899423782,92.43377034485368,30.85,1973.1,reneg_max_blind,ViT-B/16
reneg_tanl,reneg_max_blind,four_ood,four,inaturalist,0,shuffled,0.284,99.8669256,99.96879664017038,99.49858863653928,0.5,66.85,50000,10000,5.702167766258246,99.0674989993932,27.11,2213.2,reneg_max_blind,ViT-B/16
reneg_tanl,reneg_max_blind,four_ood,four,inaturalist,1,shuffled,0.2799999999999999,99.8654366,99.96893668189666,99.50624981871287,0.5,66.85,50000,10000,5.118483412322275,99.2960505529226,18.234,3290.6,reneg_max_blind,ViT-B/16
reneg_tanl,reneg_max_blind,four_ood,four,inaturalist,2,shuffled,0.246,99.8714266,99.97008310032228,99.53162533160209,0.48,66.85,50000,10000,4.748472026328162,99.16524700024216,18.09,3316.8,reneg_max_blind,ViT-B/16
reneg_tanl,reneg_max_blind,four_ood,four,sun,0,shuffled,4.19,98.7878792,99.72576883995218,95.49450107402328,4.3,66.85,50000,10000,23.4684260131951,95.80347651694146,18.089,3316.9,reneg_max_blind,ViT-B/16
reneg_tanl,reneg_max_blind,four_ood,four,sun,1,shuffled,3.916,98.8008415,99.73283944382727,95.36636579602563,4.12,66.85,50000,10000,19.24170616113744,96.35997893628226,18.066,3321.2,reneg_max_blind,ViT-B/16
reneg_tanl,reneg_max_blind,four_ood,four,sun,2,shuffled,3.88,98.8573943,99.74493672922972,95.69348327734342,4.16,66.85,50000,10000,17.53643629525153,96.99378169819248,18.105,3314.0,reneg_max_blind,ViT-B/16
reneg_tanl,reneg_max_blind,four_ood,four,places,0,shuffled,24.458,95.6991047,98.93467787144098,86.35615517579988,15.88,66.85,50000,10000,35.061262959472195,92.879337576767,18.171,3301.9,reneg_max_blind,ViT-B/16
reneg_tanl,reneg_max_blind,four_ood,four,places,1,shuffled,24.09,95.7648942,98.94981450331316,86.57273353198153,15.48,66.85,50000,10000,34.2654028436019,92.29257503949448,18.142,3307.3,reneg_max_blind,ViT-B/16
reneg_tanl,reneg_max_blind,four_ood,four,places,2,shuffled,24.532,95.6576965,98.92289062683024,86.46636716869995,15.98,66.85,50000,10000,44.38175834508697,90.76744506732422,18.156,3304.7,reneg_max_blind,ViT-B/16
reneg_tanl,reneg_max_blind,four_ood,four,textures_all,0,shuffled,14.364,97.14792429078013,99.62859357418188,85.31329560632776,11.914893617021278,66.85,50000,5640,28.28890799656062,95.36087777704286,16.8,3312.0,reneg_max_blind,ViT-B/16
reneg_tanl,reneg_max_blind,four_ood,four,textures_all,1,shuffled,13.808000000000002,97.21430283687944,99.64397324568873,84.37553029955134,12.659574468085106,66.85,50000,5640,28.546935276468066,94.7642614772532,16.827,3306.6,reneg_max_blind,ViT-B/16
reneg_tanl,reneg_max_blind,four_ood,four,textures_all,2,shuffled,12.662,97.2917469858156,99.6492542390053,84.82972745810918,11.436170212765957,66.85,50000,5640,20.80950285965684,95.23799304362224,16.734,3325.0,reneg_max_blind,ViT-B/16
reneg_tanl,reneg_max_full,openood_v15,near,ssb_hard,0,shuffled,57.284444444444446,85.96259482993199,84.4240797997979,87.48827125426052,49.1204081632653,66.8,45000,49000,77.33224222585925,74.84504928331855,29.707,3164.3,reneg_max_full,ViT-B/16
reneg_tanl,reneg_max_full,openood_v15,near,ssb_hard,1,shuffled,56.77111111111112,86.10425283446712,84.70118995696939,87.47042508478106,48.4,66.8,45000,49000,76.79738562091504,75.06665590387853,28.361,3314.4,reneg_max_full,ViT-B/16
reneg_tanl,reneg_max_full,openood_v15,near,ssb_hard,2,shuffled,56.69555555555556,86.10958099773242,84.6874571794452,87.40740655630265,49.142857142857146,66.8,45000,49000,72.64,76.57148091603054,28.315,3319.8,reneg_max_full,ViT-B/16
reneg_tanl,reneg_max_full,openood_v15,near,ninco,0,shuffled,45.784444444444446,89.5112590954622,98.3294317708544,63.46160772973302,43.272665419289,66.8,45000,5879,77.30870712401055,74.44861646708614,15.34,3316.7,reneg_max_full,ViT-B/16
reneg_tanl,reneg_max_full,openood_v15,near,ninco,1,shuffled,45.84888888888889,89.35473001833267,98.32134766357773,62.26588144206454,44.51437319271985,66.8,45000,5879,68.12362030905076,74.75167433681294,15.272,3331.5,reneg_max_full,ViT-B/16
reneg_tanl,reneg_max_full,openood_v15,near,ninco,2,shuffled,44.693333333333335,89.46377823136966,98.3275657106953,62.87895619209846,44.1911889777173,66.8,45000,5879,77.08609271523179,76.48176001795936,15.451,3292.9,reneg_max_full,ViT-B/16
reneg_tanl,reneg_max_full,openood_v15,far,inaturalist,0,shuffled,0.26,99.87325644444444,99.96727095482876,99.569108235657,0.44,66.8,45000,10000,5.129411764705882,99.18344827586208,16.534,3326.5,reneg_max_full,ViT-B/16
reneg_tanl,reneg_max_full,openood_v15,far,inaturalist,1,shuffled,0.24,99.86994777777778,99.9649105199305,99.5711502978228,0.49,66.8,45000,10000,3.694931312174325,99.36539855397383,16.552,3322.9,reneg_max_full,ViT-B/16
reneg_tanl,reneg_max_full,openood_v15,far,inaturalist,2,shuffled,0.2977777777777778,99.85838222222222,99.96308286861706,99.52084047699844,0.48,66.8,45000,10000,5.016564126833885,99.16856447410352,16.506,3332.2,reneg_max_full,ViT-B/16
reneg_tanl,reneg_max_full,openood_v15,far,textures,0,shuffled,9.886666666666668,97.86399332472008,99.72244575203048,88.56010992217699,9.282945736434108,66.8,45000,5160,24.506795265234548,95.62680016781924,15.092,3323.6,reneg_max_full,ViT-B/16
reneg_tanl,reneg_max_full,openood_v15,far,textures,1,shuffled,9.557777777777778,97.84141709732988,99.72203052942126,87.84191103573059,9.263565891472869,66.8,45000,5160,23.14372557533652,95.4275509359303,15.1,3321.7,reneg_max_full,ViT-B/16
reneg_tanl,reneg_max_full,openood_v15,far,textures,2,shuffled,9.622222222222222,97.79182472006892,99.71740442819996,86.78264131444828,9.554263565891471,66.8,45000,5160,19.051724137931032,96.40104166666669,15.065,3329.5,reneg_max_full,ViT-B/16
reneg_tanl,reneg_max_full,openood_v15,far,openimage_o,0,shuffled,28.85555555555556,94.51214919374604,97.83331986263748,88.8020295722657,26.649442308904156,66.8,45000,15869,31.385729058945188,93.78161436014685,18.339,3319.1,reneg_max_full,ViT-B/16
reneg_tanl,reneg_max_full,openood_v15,far,openimage_o,1,shuffled,28.26666666666667,94.49552411760176,97.83041806540972,88.69535355171642,26.895204486735143,66.8,45000,15869,40.61998931052913,91.49907805253044,18.348,3317.5,reneg_max_full,ViT-B/16
reneg_tanl,reneg_max_full,openood_v15,far,openimage_o,2,shuffled,28.28222222222222,94.54010915761688,97.84639669143496,88.78432855134818,26.649442308904156,66.8,45000,15869,36.09219486642221,92.43819598168268,18.42,3304.5,reneg_max_full,ViT-B/16
reneg_tanl,reneg_max_full,four_ood,four,inaturalist,0,shuffled,0.288,99.8670485,99.96872955776792,99.50060122996544,0.5,66.85,50000,10000,5.702167766258246,99.06610030168834,18.813,3189.3,reneg_max_full,ViT-B/16
reneg_tanl,reneg_max_full,four_ood,four,inaturalist,1,shuffled,0.2799999999999999,99.8655004,99.96887620072609,99.5075593743772,0.51,66.85,50000,10000,5.165876777251185,99.29225908372828,18.064,3321.6,reneg_max_full,ViT-B/16
reneg_tanl,reneg_max_full,four_ood,four,inaturalist,2,shuffled,0.244,99.8699164,99.96967949144737,99.52709818563076,0.49,66.85,50000,10000,4.748472026328162,99.16318400505544,18.143,3307.1,reneg_max_full,ViT-B/16
reneg_tanl,reneg_max_full,four_ood,four,sun,0,shuffled,4.192,98.7828902,99.72465817162288,95.46177808616224,4.3,66.85,50000,10000,23.5626767200754,95.79035027694216,18.1,3315.0,reneg_max_full,ViT-B/16
reneg_tanl,reneg_max_full,four_ood,four,sun,1,shuffled,3.944,98.7954724,99.73139910181708,95.35889332467995,4.130000000000001,66.85,50000,10000,19.24170616113744,96.33027909426012,18.115,3312.2,reneg_max_full,ViT-B/16
reneg_tanl,reneg_max_full,four_ood,four,sun,2,shuffled,3.936,98.83917260000004,99.74130245393336,95.56196664130948,4.18,66.85,50000,10000,17.48942172073343,97.0029023084916,18.102,3314.6,reneg_max_full,ViT-B/16
reneg_tanl,reneg_max_full,four_ood,four,places,0,shuffled,24.346,95.7252322,98.9537285628154,86.26490381976998,15.9,66.85,50000,10000,34.44863336475024,92.8850399597175,18.081,3318.4,reneg_max_full,ViT-B/16
reneg_tanl,reneg_max_full,four_ood,four,places,1,shuffled,24.2,95.7930114,98.96805802857868,86.50497835328608,15.56,66.85,50000,10000,34.2654028436019,92.25476566614007,18.062,3321.9,reneg_max_full,ViT-B/16
reneg_tanl,reneg_max_full,four_ood,four,places,2,shuffled,25.022,95.6700205,98.93843532512774,86.25416392642528,16.220000000000002,66.85,50000,10000,42.12505876821815,90.79686989340829,18.094,3315.9,reneg_max_full,ViT-B/16
reneg_tanl,reneg_max_full,four_ood,four,textures_all,0,shuffled,14.778,97.14190904255318,99.62733325294565,85.31879830026176,11.932624113475178,66.85,50000,5640,28.24591573516767,95.37649462413005,16.831,3305.8,reneg_max_full,ViT-B/16
reneg_tanl,reneg_max_full,four_ood,four,textures_all,1,shuffled,13.88,97.20513191489364,99.64224239226832,84.3184867919335,12.712765957446807,66.85,50000,5640,28.546935276468066,94.76293970252514,16.752,3321.4,reneg_max_full,ViT-B/16
reneg_tanl,reneg_max_full,four_ood,four,textures_all,2,shuffled,12.740000000000002,97.28606382978722,99.64761744302427,84.79911355626906,11.54255319148936,66.85,50000,5640,20.76550813902332,95.23875950216984,16.738,3324.1,reneg_max_full,ViT-B/16
reneg_tanl,reneg_safe_blind,openood_v15,near,ssb_hard,0,shuffled,62.56,84.75990628117914,82.4775656074195,87.02003387212083,48.61632653061225,66.8,45000,49000,71.27659574468085,80.72806959602113,29.48,3188.6,reneg_safe_blind,ViT-B/16
reneg_tanl,reneg_safe_blind,openood_v15,near,ssb_hard,1,shuffled,62.02444444444445,84.92182528344671,82.6622406852827,87.1321606223628,48.17346938775511,66.8,45000,49000,70.99673202614379,80.91549743649955,28.758,3268.7,reneg_safe_blind,ViT-B/16
reneg_tanl,reneg_safe_blind,openood_v15,near,ssb_hard,2,shuffled,62.51555555555556,84.99938723356009,82.6652615506989,87.15636551974791,48.23265306122449,66.8,45000,49000,65.60000000000001,83.67413740458016,28.886,3254.1,reneg_safe_blind,ViT-B/16
reneg_tanl,reneg_safe_blind,openood_v15,near,ninco,0,shuffled,55.49555555555556,87.80498119483661,97.92744290576488,63.91646009235289,43.8509950671883,66.8,45000,5879,68.64555848724714,80.24414020456237,15.591,3263.4,reneg_safe_blind,ViT-B/16
reneg_tanl,reneg_safe_blind,openood_v15,near,ninco,1,shuffled,54.66666666666666,87.8355415698059,97.95405962881982,62.97805971819601,44.58241197482565,66.8,45000,5879,63.44370860927152,80.28570359561492,15.552,3271.5,reneg_safe_blind,ViT-B/16
reneg_tanl,reneg_safe_blind,openood_v15,near,ninco,2,shuffled,53.75555555555556,87.91494906541173,97.96838714188854,63.36579456069932,44.1571695866644,66.8,45000,5879,65.65121412803532,80.9555879821903,15.624,3256.5,reneg_safe_blind,ViT-B/16
reneg_tanl,reneg_safe_blind,openood_v15,far,inaturalist,0,shuffled,0.2644444444444444,99.86847444444446,99.9674421366673,99.5386667615231,0.44,66.8,45000,10000,1.0823529411764703,99.62709939148073,16.773,3279.0,reneg_safe_blind,ViT-B/16
reneg_tanl,reneg_safe_blind,openood_v15,far,inaturalist,1,shuffled,0.2688888888888889,99.87021933333334,99.96734099141776,99.55612456784468,0.42,66.8,45000,10000,0.947418285172904,99.76958112084438,16.806,3272.6,reneg_safe_blind,ViT-B/16
reneg_tanl,reneg_safe_blind,openood_v15,far,inaturalist,2,shuffled,0.3355555555555555,99.86196255555556,99.96593163244474,99.51314500550605,0.47,66.8,45000,10000,1.3251301467108376,99.72250190839492,16.767,3280.3,reneg_safe_blind,ViT-B/16
reneg_tanl,reneg_safe_blind,openood_v15,far,textures,0,shuffled,11.473333333333334,97.64550495262704,99.70503003184578,86.79031916950717,12.054263565891471,66.8,45000,5160,13.634370889960543,97.06756295971552,15.274,3284.1,reneg_safe_blind,ViT-B/16
reneg_tanl,reneg_safe_blind,openood_v15,far,textures,1,shuffled,11.28,97.64608419465978,99.70669792890897,86.50748802113152,12.034883720930232,66.8,45000,5160,13.504125054277033,97.10984319218208,15.294,3279.7,reneg_safe_blind,ViT-B/16
reneg_tanl,reneg_safe_blind,openood_v15,far,textures,2,shuffled,11.331111111111111,97.61181180017228,99.70368674135324,86.08861513584505,12.228682170542635,66.8,45000,5160,12.758620689655173,97.30585488505749,15.232,3293.2,reneg_safe_blind,ViT-B/16
reneg_tanl,reneg_safe_blind,openood_v15,far,openimage_o,0,shuffled,37.60444444444445,92.60925858242136,96.9251726412792,86.16900602348238,31.53947948831054,66.8,45000,15869,33.66080661840745,94.03353806608496,18.567,3278.4,reneg_safe_blind,ViT-B/16
reneg_tanl,reneg_safe_blind,openood_v15,far,openimage_o,1,shuffled,37.80222222222222,92.5160944118862,96.90622150415992,85.89641037813213,32.35238515344382,66.8,45000,15869,40.61998931052913,91.91509860610232,19.525,3117.5,reneg_safe_blind,ViT-B/16
reneg_tanl,reneg_safe_blind,openood_v15,far,openimage_o,2,shuffled,37.53111111111111,92.56280133873872,96.92652737470802,85.97538622945073,31.66551137437772,66.8,45000,15869,35.09690937663698,92.8888062770014,18.645,3264.6,reneg_safe_blind,ViT-B/16
reneg_tanl,reneg_safe_blind,four_ood,four,inaturalist,0,shuffled,0.334,99.8645866,99.96983007031844,99.46553068655292,0.4499999999999999,66.85,50000,10000,1.413760603204524,99.64171820329749,18.922,3171.0,reneg_safe_blind,ViT-B/16
reneg_tanl,reneg_safe_blind,four_ood,four,inaturalist,1,shuffled,0.294,99.8680486,99.97037076830372,99.50390605678972,0.41,66.85,50000,10000,1.1374407582938388,99.68615060558189,18.392,3262.2,reneg_safe_blind,ViT-B/16
reneg_tanl,reneg_safe_blind,four_ood,four,inaturalist,2,shuffled,0.282,99.8685341,99.97028096292618,99.5098759977809,0.3899999999999999,66.85,50000,10000,1.222378937470616,99.71747823811523,18.393,3262.2,reneg_safe_blind,ViT-B/16
reneg_tanl,reneg_safe_blind,four_ood,four,sun,0,shuffled,3.47,99.0735443,99.79949350673208,96.12144204468468,3.25,66.85,50000,10000,9.472196041470312,97.93337034502645,18.352,3269.4,reneg_safe_blind,ViT-B/16
reneg_tanl,reneg_safe_blind,four_ood,four,sun,1,shuffled,3.366,99.0814684,99.80594118642377,96.08197128779332,3.34,66.85,50000,10000,8.199052132701421,98.28499210110586,18.489,3245.1,reneg_safe_blind,ViT-B/16
reneg_tanl,reneg_safe_blind,four_ood,four,sun,2,shuffled,3.596,99.1021644,99.80997485925243,96.180399799891,3.45,66.85,50000,10000,8.50963798777621,98.40421893373548,18.374,3265.6,reneg_safe_blind,ViT-B/16
reneg_tanl,reneg_safe_blind,four_ood,four,places,0,shuffled,20.948,95.9521692,99.0123133577282,86.75937084762029,16.34,66.85,50000,10000,24.081055607917055,95.24292151369217,18.389,3262.8,reneg_safe_blind,ViT-B/16
reneg_tanl,reneg_safe_blind,four_ood,four,places,1,shuffled,21.554,95.9984565,99.02234542845495,87.00294139823163,15.82,66.85,50000,10000,25.59241706161137,95.031700895208,18.368,3266.5,reneg_safe_blind,ViT-B/16
reneg_tanl,reneg_safe_blind,four_ood,four,places,2,shuffled,21.708,95.8990738,99.0022035687772,86.7647748174172,16.49,66.85,50000,10000,31.922896097790314,93.97779131392164,18.3,3278.7,reneg_safe_blind,ViT-B/16
reneg_tanl,reneg_safe_blind,four_ood,four,textures_all,0,shuffled,15.15,96.9927510638298,99.62495135043834,83.81906276988455,15.49645390070922,66.85,50000,5640,19.38950988822012,96.0173365375429,17.003,3272.3,reneg_safe_blind,ViT-B/16
reneg_tanl,reneg_safe_blind,four_ood,four,textures_all,1,shuffled,14.342,97.1119804964539,99.64342442512636,83.83730537497922,15.0354609929078,66.85,50000,5640,21.131590227175312,96.05695716128106,16.965,3279.6,reneg_safe_blind,ViT-B/16
reneg_tanl,reneg_safe_blind,four_ood,four,textures_all,2,shuffled,14.454,97.04624663120566,99.63344472327807,83.59857728380095,15.106382978723405,66.85,50000,5640,13.022437307523097,96.91730372146284,17.017,3269.8,reneg_safe_blind,ViT-B/16
tanl,tanl,four_ood_45k,four45,inaturalist,0,shuffled,0.44890884039290635,99.83680896928752,99.96045127073188,99.3772401294809,0.44,66.80296902084537,44998,10000,1.1015325670498084,99.69478537567375,16.117,3412.3,tanl,ViT-B/16
tanl,tanl,four_ood_45k,four45,inaturalist,1,shuffled,0.4733543713053913,99.83214598426596,99.95900984300067,99.37627891601058,0.49,66.80296902084537,44998,10000,1.3295346628679963,99.24936514510671,15.094,3643.7,tanl,ViT-B/16
tanl,tanl,four_ood_45k,four45,inaturalist,2,shuffled,0.48002133428152366,99.83402317880795,99.95958734139188,99.3756343679991,0.47000000000000003,66.80296902084537,44998,10000,1.7461066540821142,99.36627789388524,15.189,3620.9,tanl,ViT-B/16
tanl,tanl,four_ood_45k,four45,sun,0,shuffled,3.702386772745456,99.05343359704875,99.7831392527899,95.94455031472559,3.37,66.80296902084537,44998,10000,7.471264367816093,98.56666829014871,15.132,3634.6,tanl,ViT-B/16
tanl,tanl,four_ood_45k,four45,sun,1,shuffled,3.673496599848882,99.03802346770966,99.77889753127349,95.94744845723288,3.3000000000000003,66.80296902084537,44998,10000,8.784425451092117,98.02034045793224,15.117,3638.2,tanl,ViT-B/16
tanl,tanl,four_ood_45k,four45,sun,2,shuffled,3.7690564025067785,99.01340259567093,99.7714581921258,95.8900529140704,3.56,66.80296902084537,44998,10000,15.431807456347332,97.6797766455961,15.088,3645.1,tanl,ViT-B/16
tanl,tanl,four_ood_45k,four45,places,0,shuffled,21.089826214498423,95.80561224943331,98.88638424319926,85.82560806379759,16.45,66.80296902084537,44998,10000,25.478927203065133,95.15339875965971,15.125,3636.2,tanl,ViT-B/16
tanl,tanl,four_ood_45k,four45,places,1,shuffled,21.18538601715632,95.74540101782301,98.86604205067516,85.7225088676873,17.01,66.80296902084537,44998,10000,19.943019943019944,94.8151076638595,15.104,3641.2,tanl,ViT-B/16
tanl,tanl,four_ood_45k,four45,places,2,shuffled,20.998711053824614,95.75819880883594,98.87354302356172,86.04585666665493,16.96,66.80296902084537,44998,10000,36.14912694667296,93.30386236608848,15.209,3616.1,tanl,ViT-B/16
tanl,tanl,four_ood_45k,four45,textures_all,0,shuffled,12.458331481399174,96.95336518502478,99.58990159491381,80.76518039366366,14.663120567375888,66.80296902084537,44998,5640,14.11042944785276,96.99698610962237,13.88,3648.3,tanl,ViT-B/16
tanl,tanl,four_ood_45k,four45,textures_all,1,shuffled,13.269478643495267,96.93934367926204,99.58673021622003,81.29427558575529,14.716312056737587,66.80296902084537,44998,5640,18.046430135786245,96.28647466519922,13.955,3628.6,tanl,ViT-B/16
tanl,tanl,four_ood_45k,four45,textures_all,2,shuffled,12.318325258900394,97.02966841867519,99.59898162646172,81.6261016685771,13.953900709219857,66.80296902084537,44998,5640,18.077601410934744,96.43778236814768,13.906,3641.5,tanl,ViT-B/16
reneg_tanl,reneg_max_blind_5shot,openood_v15,near,ssb_hard,0,shuffled,57.67777777777777,86.62858798185941,84.74243934664985,88.57828634283699,45.19183673469388,66.8,45000,49000,69.55810147299509,80.97821699338729,28.995,3241.9,reneg_max_blind_5shot,ViT-B/16
reneg_tanl,reneg_max_blind_5shot,openood_v15,near,ssb_hard,1,shuffled,57.33555555555555,86.80497825396824,84.99822249902076,88.73996810762759,44.81224489795919,66.8,45000,49000,67.72875816993465,80.82908937027906,29.631,3172.3,reneg_max_blind_5shot,ViT-B/16
reneg_tanl,reneg_max_blind_5shot,openood_v15,near,ssb_hard,2,shuffled,56.86,86.86884927437642,85.08030635272806,88.73144369545395,45.102040816326536,66.8,45000,49000,59.84,83.18112977099236,28.491,3299.2,reneg_max_blind_5shot,ViT-B/16
reneg_tanl,reneg_max_blind_5shot,openood_v15,near,ninco,0,shuffled,43.519999999999996,91.05262289505018,98.54911287549136,71.52507507184697,35.72036060554516,66.8,45000,5879,63.14863676341249,80.85118487493158,15.332,3318.5,reneg_max_blind_5shot,ViT-B/16
reneg_tanl,reneg_max_blind_5shot,openood_v15,near,ninco,1,shuffled,43.0,91.09794711874657,98.56597118823376,70.91347078952069,36.17962238475931,66.8,45000,5879,61.05960264900663,82.1284843042616,15.302,3324.9,reneg_max_blind_5shot,ViT-B/16
reneg_tanl,reneg_max_blind_5shot,openood_v15,near,ninco,2,shuffled,41.660000000000004,91.332418211714,98.60325193324361,71.34700107574223,35.87344786528321,66.8,45000,5879,64.50331125827815,82.7596063905414,15.336,3317.6,reneg_max_blind_5shot,ViT-B/16
reneg_tanl,reneg_max_blind_5shot,openood_v15,far,inaturalist,0,shuffled,0.1488888888888889,99.891627,99.97027465278808,99.6421875702732,0.41000000000000003,66.8,45000,10000,2.7294117647058824,99.63867478025692,16.536,3326.1,reneg_max_blind_5shot,ViT-B/16
reneg_tanl,reneg_max_blind_5shot,openood_v15,far,inaturalist,1,shuffled,0.1488888888888889,99.89280644444443,99.96966008263902,99.65663363600406,0.37,66.8,45000,10000,0.7579346281383231,99.82307121779121,16.501,3333.1,reneg_max_blind_5shot,ViT-B/16
reneg_tanl,reneg_max_blind_5shot,openood_v15,far,inaturalist,2,shuffled,0.14222222222222222,99.88752066666666,99.96944418250865,99.63725440074592,0.48,66.8,45000,10000,1.7983909133932798,99.73520689541996,16.514,3330.6,reneg_max_blind_5shot,ViT-B/16
reneg_tanl,reneg_max_blind_5shot,openood_v15,far,textures,0,shuffled,7.67111111111111,98.37541257536607,99.78485063874459,92.3950750383353,7.209302325581396,66.8,45000,5160,9.951775537045156,98.08547782130394,15.081,3326.0,reneg_max_blind_5shot,ViT-B/16
reneg_tanl,reneg_max_blind_5shot,openood_v15,far,textures,1,shuffled,7.348888888888889,98.39893367786392,99.78801803020365,92.51746762315678,6.937984496124031,66.8,45000,5160,10.247503256621798,97.95512873582251,15.072,3328.0,reneg_max_blind_5shot,ViT-B/16
reneg_tanl,reneg_max_blind_5shot,openood_v15,far,textures,2,shuffled,7.6,98.41163006029286,99.79125685610863,92.35564872978063,7.015503875968992,66.8,45000,5160,8.836206896551724,98.47288074712644,15.029,3337.6,reneg_max_blind_5shot,ViT-B/16
reneg_tanl,reneg_max_blind_5shot,openood_v15,far,openimage_o,0,shuffled,26.515555555555554,95.08874038131647,98.04929633787096,90.13722627122056,23.57426428886508,66.8,45000,15869,23.164426059979316,95.74100260679087,18.323,3322.1,reneg_max_blind_5shot,ViT-B/16
reneg_tanl,reneg_max_blind_5shot,openood_v15,far,openimage_o,1,shuffled,27.006666666666668,95.05065746633898,98.04042880389156,89.9958158969005,23.88304240972966,66.8,45000,15869,29.823623730625332,94.41672956491992,18.325,3321.7,reneg_max_blind_5shot,ViT-B/16
reneg_tanl,reneg_max_blind_5shot,openood_v15,far,openimage_o,2,shuffled,26.711111111111112,95.08535726538814,98.04934520600732,90.07400226797604,23.807423278089356,66.8,45000,15869,26.191723415400737,94.63290951825735,18.316,3323.2,reneg_max_blind_5shot,ViT-B/16
reneg_tanl,reneg_max_blind_5shot,four_ood_45k,four45,inaturalist,0,shuffled,0.13111693853060136,99.88908395928708,99.96973855397412,99.6422512982156,0.45999999999999996,66.80296902084537,44998,10000,1.532567049808429,99.66566416650431,17.26,3186.5,reneg_max_blind_5shot,ViT-B/16
reneg_tanl,reneg_max_blind_5shot,four_ood_45k,four45,inaturalist,1,shuffled,0.15556246944308635,99.8840788479488,99.9639237931829,99.6509414505498,0.43,66.80296902084537,44998,10000,1.6144349477682813,99.25710472700193,16.555,3322.1,reneg_max_blind_5shot,ViT-B/16
reneg_tanl,reneg_max_blind_5shot,four_ood_45k,four45,inaturalist,2,shuffled,0.1444508644828659,99.87998244366416,99.96560351622573,99.63532759222716,0.42,66.80296902084537,44998,10000,1.6989145823501652,99.37045134240576,16.507,3331.8,reneg_max_blind_5shot,ViT-B/16
reneg_tanl,reneg_max_blind_5shot,four_ood_45k,four45,sun,0,shuffled,3.7046090937374996,99.06107515889595,99.76595139059981,97.09029751603562,3.9699999999999998,66.80296902084537,44998,10000,10.344827586206897,98.0822618351841,16.558,3321.6,reneg_max_blind_5shot,ViT-B/16
reneg_tanl,reneg_max_blind_5shot,four_ood_45k,four45,sun,1,shuffled,3.7601671185386016,99.02757589226188,99.7544104161557,97.07348928969955,4.0,66.80296902084537,44998,10000,13.675213675213676,97.42617066405613,16.595,3314.1,reneg_max_blind_5shot,ViT-B/16
reneg_tanl,reneg_max_blind_5shot,four_ood_45k,four45,sun,2,shuffled,3.817947464331748,98.97838059469308,99.73713809727145,96.96679510471968,4.12,66.80296902084537,44998,10000,18.593676262387916,96.78516050119906,16.526,3327.9,reneg_max_blind_5shot,ViT-B/16
reneg_tanl,reneg_max_blind_5shot,four_ood_45k,four45,places,0,shuffled,22.314325081114717,96.21726221165386,98.93204525306973,90.36838133606463,14.510000000000002,66.80296902084537,44998,10000,33.189655172413794,93.6804946749789,16.518,3329.5,reneg_max_blind_5shot,ViT-B/16
reneg_tanl,reneg_max_blind_5shot,four_ood_45k,four45,places,1,shuffled,23.841059602649008,96.14475732254768,98.89532793462001,90.32679379258411,14.85,66.80296902084537,44998,10000,28.01519468186135,93.62174780676982,16.549,3323.4,reneg_max_blind_5shot,ViT-B/16
reneg_tanl,reneg_max_blind_5shot,four_ood_45k,four45,places,2,shuffled,23.147695453131252,96.19104315747367,98.91467569405098,90.49908875198996,14.360000000000001,66.80296902084537,44998,10000,45.72911750825861,92.15145551692441,16.547,3323.7,reneg_max_blind_5shot,ViT-B/16
reneg_tanl,reneg_max_blind_5shot,four_ood_45k,four45,textures_all,0,shuffled,9.331525845593138,97.99806705357118,99.70463578040841,91.41957548260243,8.847517730496454,66.80296902084537,44998,5640,12.620508326029798,97.8477165682003,15.219,3327.4,reneg_max_blind_5shot,ViT-B/16
reneg_tanl,reneg_max_blind_5shot,four_ood_45k,four45,textures_all,1,shuffled,10.204897995466466,97.98152140095114,99.70585722263327,91.17817708891523,9.095744680851064,66.80296902084537,44998,5640,16.469557599649583,97.12472188883143,15.212,3328.8,reneg_max_blind_5shot,ViT-B/16
reneg_tanl,reneg_max_blind_5shot,four_ood_45k,four45,textures_all,2,shuffled,10.302680119116406,97.98852959264697,99.70358800906907,91.38650834476917,8.918439716312058,66.80296902084537,44998,5640,14.682539682539684,97.12965982943153,15.183,3335.2,reneg_max_blind_5shot,ViT-B/16
reneg_tanl,reneg_balanced_blind_5shot,openood_v15,near,ssb_hard,0,shuffled,62.07555555555555,85.69070111111111,83.1854805951863,88.0962372526243,45.56122448979592,66.8,45000,49000,68.73977086743044,81.15509383279634,28.691,3276.3,reneg_balanced_blind_5shot,ViT-B/16
reneg_tanl,reneg_balanced_blind_5shot,openood_v15,near,ssb_hard,1,shuffled,61.74222222222222,85.8555220861678,83.37399506024266,88.24389929852434,44.86938775510204,66.8,45000,49000,68.13725490196079,81.33408428241555,28.416,3308.1,reneg_balanced_blind_5shot,ViT-B/16
reneg_tanl,reneg_balanced_blind_5shot,openood_v15,near,ssb_hard,2,shuffled,61.931111111111115,85.94830473922903,83.41343333255338,88.27195564620413,45.23061224489796,66.8,45000,49000,63.36000000000001,83.9987786259542,28.495,3298.8,reneg_balanced_blind_5shot,ViT-B/16
reneg_tanl,reneg_balanced_blind_5shot,openood_v15,near,ninco,0,shuffled,51.239999999999995,89.89635293228253,98.27873356613176,70.66404154806548,36.74094233713217,66.8,45000,5879,69.26121372031663,80.66544273668285,15.328,3319.5,reneg_balanced_blind_5shot,ViT-B/16
reneg_tanl,reneg_balanced_blind_5shot,openood_v15,near,ninco,1,shuffled,49.57111111111111,90.06632874071555,98.32985413122886,70.17397473981987,36.89402959687021,66.8,45000,5879,63.26710816777042,81.39274890560108,15.345,3315.6,reneg_balanced_blind_5shot,ViT-B/16
reneg_tanl,reneg_balanced_blind_5shot,openood_v15,near,ninco,2,shuffled,48.58,90.26704957381261,98.35595082777371,70.64167825613019,36.74094233713217,66.8,45000,5879,67.06401766004416,81.48808321173345,15.351,3314.4,reneg_balanced_blind_5shot,ViT-B/16
reneg_tanl,reneg_balanced_blind_5shot,openood_v15,far,inaturalist,0,shuffled,0.15333333333333335,99.90127955555556,99.97491781187236,99.66843027747561,0.38,66.8,45000,10000,1.3176470588235294,99.64949290060852,17.0,3235.3,reneg_balanced_blind_5shot,ViT-B/16
reneg_tanl,reneg_balanced_blind_5shot,openood_v15,far,inaturalist,1,shuffled,0.14222222222222222,99.90063888888889,99.97425092331754,99.67677623564089,0.35000000000000003,66.8,45000,10000,0.9000473709142587,99.80323662562947,16.669,3299.5,reneg_balanced_blind_5shot,ViT-B/16
reneg_tanl,reneg_balanced_blind_5shot,openood_v15,far,inaturalist,2,shuffled,0.14444444444444443,99.89976933333334,99.97448211708611,99.66652535696916,0.37,66.8,45000,10000,1.5144344533838145,99.73817139239247,16.553,3322.7,reneg_balanced_blind_5shot,ViT-B/16
reneg_tanl,reneg_balanced_blind_5shot,openood_v15,far,textures,0,shuffled,8.277777777777779,98.37454952627046,99.79126521806137,92.03002348114465,7.887596899224807,66.8,45000,5160,13.10828583954406,97.3434904831717,15.184,3303.5,reneg_balanced_blind_5shot,ViT-B/16
reneg_tanl,reneg_balanced_blind_5shot,openood_v15,far,textures,1,shuffled,8.260000000000002,98.38256976744185,99.79200149069759,92.10333683963694,7.674418604651163,66.8,45000,5160,13.156752062527138,97.1868870074729,15.122,3317.1,reneg_balanced_blind_5shot,ViT-B/16
reneg_tanl,reneg_balanced_blind_5shot,openood_v15,far,textures,2,shuffled,8.466666666666667,98.40953186907839,99.79709250089878,91.96220481671517,7.5,66.8,45000,5160,12.413793103448276,97.55621408045978,15.076,3327.2,reneg_balanced_blind_5shot,ViT-B/16
reneg_tanl,reneg_balanced_blind_5shot,openood_v15,far,openimage_o,0,shuffled,34.60666666666667,93.81079568130737,97.38033359102722,88.63716012285349,25.899552586804464,66.8,45000,15869,34.79834539813857,93.97167221174146,18.294,3327.2,reneg_balanced_blind_5shot,ViT-B/16
reneg_tanl,reneg_balanced_blind_5shot,openood_v15,far,openimage_o,1,shuffled,34.49333333333333,93.72472486539095,97.35714790962685,88.38419277168909,26.611632743084,66.8,45000,15869,40.94067343666489,91.96792538159782,18.325,3321.6,reneg_balanced_blind_5shot,ViT-B/16
reneg_tanl,reneg_balanced_blind_5shot,openood_v15,far,openimage_o,2,shuffled,34.69555555555556,93.79309751367096,97.38731093254772,88.53345146189218,26.283949839309344,66.8,45000,15869,36.30172865374542,92.75458878189576,18.327,3321.2,reneg_balanced_blind_5shot,ViT-B/16
reneg_tanl,reneg_balanced_blind_5shot,four_ood_45k,four45,inaturalist,0,shuffled,0.12667229654651319,99.89980499133296,99.97430782985136,99.67146254604535,0.41000000000000003,66.80296902084537,44998,10000,1.053639846743295,99.7460265276966,17.065,3222.9,reneg_balanced_blind_5shot,ViT-B/16
reneg_tanl,reneg_balanced_blind_5shot,four_ood_45k,four45,inaturalist,1,shuffled,0.15111782745899818,99.89434319303079,99.9725544446965,99.67170104641549,0.38,66.80296902084537,44998,10000,1.282051282051282,99.34025293790344,16.605,3312.2,reneg_balanced_blind_5shot,ViT-B/16
reneg_tanl,reneg_balanced_blind_5shot,four_ood_45k,four45,inaturalist,2,shuffled,0.13556158051468956,99.89675230010224,99.97338215382898,99.66683906664734,0.35000000000000003,66.80296902084537,44998,10000,1.557338367154318,99.4072632985867,16.587,3315.8,reneg_balanced_blind_5shot,ViT-B/16
reneg_tanl,reneg_balanced_blind_5shot,four_ood_45k,four45,sun,0,shuffled,3.006800302235655,99.29607093648607,99.83232536732487,97.50376972556114,3.17,66.80296902084537,44998,10000,6.896551724137931,98.71978294045067,16.587,3315.8,reneg_balanced_blind_5shot,ViT-B/16
reneg_tanl,reneg_balanced_blind_5shot,four_ood_45k,four45,sun,1,shuffled,3.1756966976310057,99.2822885461576,99.82833150342245,97.48180532754502,3.1300000000000003,66.80296902084537,44998,10000,8.831908831908832,98.31946483928864,16.59,3315.1,reneg_balanced_blind_5shot,ViT-B/16
reneg_tanl,reneg_balanced_blind_5shot,four_ood_45k,four45,sun,2,shuffled,3.273478821280946,99.2498763278368,99.8188480856707,97.4010432828001,3.32,66.80296902084537,44998,10000,15.431807456347332,97.76806113353001,16.594,3314.3,reneg_balanced_blind_5shot,ViT-B/16
reneg_tanl,reneg_balanced_blind_5shot,four_ood_45k,four45,places,0,shuffled,19.69420863149473,96.47434108182587,99.0182897771295,90.66261190984723,14.280000000000001,66.80296902084537,44998,10000,25.478927203065133,95.29991801415677,16.562,3320.7,reneg_balanced_blind_5shot,ViT-B/16
reneg_tanl,reneg_balanced_blind_5shot,four_ood_45k,four45,places,1,shuffled,21.303169029734654,96.41797046535402,98.99973660394133,90.5743566323902,14.48,66.80296902084537,44998,10000,19.420702754036085,95.26682731528547,16.594,3314.2,reneg_balanced_blind_5shot,ViT-B/16
reneg_tanl,reneg_balanced_blind_5shot,four_ood_45k,four45,places,2,shuffled,20.616471843193032,96.42319591981867,99.00314825057107,90.66169629495803,14.29,66.80296902084537,44998,10000,36.19631901840491,93.53800352923929,16.602,3312.7,reneg_balanced_blind_5shot,ViT-B/16
reneg_tanl,reneg_balanced_blind_5shot,four_ood_45k,four45,textures_all,0,shuffled,10.273789946219832,98.05890919817082,99.72588142826378,91.15428936048983,9.48581560283688,66.80296902084537,44998,5640,13.803680981595093,97.25754891266654,15.29,3311.7,reneg_balanced_blind_5shot,ViT-B/16
reneg_tanl,reneg_balanced_blind_5shot,four_ood_45k,four45,textures_all,1,shuffled,10.918263033912618,97.97713881846283,99.71424092669359,90.82050974139109,9.804964539007093,66.80296902084537,44998,5640,18.046430135786245,96.60684608098471,15.245,3321.6,reneg_balanced_blind_5shot,ViT-B/16
reneg_tanl,reneg_balanced_blind_5shot,four_ood_45k,four45,textures_all,2,shuffled,10.858260367127427,98.0296760234261,99.72148373623803,91.1171214758383,9.698581560283689,66.80296902084537,44998,5640,18.077601410934744,96.77194317605277,15.257,3318.9,reneg_balanced_blind_5shot,ViT-B/16
