method,config,protocol,group,dataset,seed,order,fpr95,auroc,aupr_in,aupr_out,fpr95_idpos,acc,n_id,n_ood,cold_fpr95,cold_auroc,method_seconds,img_per_s,position,post_shift_fpr95,post_shift_auroc
tanl,paper/fp32,four_ood,four,inaturalist,0,shuffled,0.496,99.8268799,99.96251345770096,99.24064896158899,0.48,66.85,50000,10000,1.4608859566446748,99.62256680395423,11.401,5262.6,,,
tanl,paper/fp32,four_ood,four,inaturalist,1,shuffled,0.45199999999999996,99.8370635,99.96436501911676,99.32857938454251,0.45999999999999996,66.85,50000,10000,1.5639810426540284,99.64370721432333,12.156,4935.7,,,
tanl,paper/fp32,four_ood,four,inaturalist,2,shuffled,0.47400000000000003,99.8374969,99.96429145404375,99.33612078427794,0.41000000000000003,66.85,50000,10000,1.5044663845792194,99.66210310415629,11.919,5033.9,,,
tanl,paper/fp32,four_ood,four,sun,0,shuffled,3.6020000000000003,98.9858817,99.78726383652602,95.37625386812523,3.4099999999999997,66.85,50000,10000,9.519321394910461,98.05225964993825,11.502,5216.6,,,
tanl,paper/fp32,four_ood,four,sun,1,shuffled,3.766,99.0019521,99.79208591848418,95.42338069047828,3.4299999999999997,66.85,50000,10000,8.151658767772512,98.18852027382835,11.375,5274.8,,,
tanl,paper/fp32,four_ood,four,sun,2,shuffled,3.8379999999999996,98.9864856,99.78992113180742,95.2415355793001,3.58,66.85,50000,10000,8.321579689703809,98.37034238119593,11.337,5292.5,,,
tanl,paper/fp32,four_ood,four,places,0,shuffled,21.32,95.6706923,98.96353526582654,84.27490911600113,17.43,66.85,50000,10000,24.31668237511781,95.19332154123576,11.417,5255.1,,,
tanl,paper/fp32,four_ood,four,places,1,shuffled,21.182000000000002,95.7676247,98.98319873860606,84.8451391468522,16.66,66.85,50000,10000,26.11374407582938,94.83422854133755,11.341,5290.4,,,
tanl,paper/fp32,four_ood,four,places,2,shuffled,21.58,95.59820160000001,98.95239441900405,83.83203909229289,17.78,66.85,50000,10000,32.44005641748942,93.96302461153257,11.279,5319.5,,,
tanl,paper/fp32,four_ood,four,textures_all,0,shuffled,14.59,96.68191276595745,99.59309514866804,78.63107740971664,16.418439716312054,66.85,50000,5640,19.303525365434222,95.8185432605037,10.442,5328.6,,,
tanl,paper/fp32,four_ood,four,textures_all,1,shuffled,13.44,96.84000230496453,99.61553408827105,79.08831834773555,15.585106382978722,66.85,50000,5640,24.089155593656237,95.81129588682587,10.48,5309.1,,,
tanl,paper/fp32,four_ood,four,textures_all,2,shuffled,13.968,96.77082358156028,99.60508643012615,79.05710773784368,15.567375886524824,66.85,50000,5640,13.814342278926528,96.78041422485748,10.432,5333.6,,,
tanl,paper/fp16,four_ood,four,inaturalist,0,shuffled,0.494,99.82666919999998,99.96246601327677,99.23976173408695,0.48,66.824,50000,10000,1.4608859566446748,99.62229782362637,20.864,2875.8,,,
tanl,paper/fp16,four_ood,four,inaturalist,1,shuffled,0.44999999999999996,99.837016,99.96437067469445,99.3282666756089,0.45999999999999996,66.824,50000,10000,1.5639810426540284,99.64549763033175,20.889,2872.3,,,
tanl,paper/fp16,four_ood,four,inaturalist,2,shuffled,0.47400000000000003,99.83765380000001,99.96443404458593,99.33555439753673,0.41000000000000003,66.824,50000,10000,1.5514809590973202,99.6618316574212,21.081,2846.2,,,
tanl,paper/fp16,four_ood,four,sun,0,shuffled,3.5999999999999996,98.98581400000002,99.78713151903527,95.37727161457794,3.4000000000000004,66.824,50000,10000,9.519321394910461,98.05086095223339,20.802,2884.3,,,
tanl,paper/fp16,four_ood,four,sun,1,shuffled,3.7560000000000002,99.00387590000001,99.79237251906406,95.43733393207073,3.45,66.824,50000,10000,8.104265402843602,98.18988941548183,20.933,2866.3,,,
tanl,paper/fp16,four_ood,four,sun,2,shuffled,3.8280000000000003,98.9856571,99.78967034126562,95.23768456130166,3.5900000000000003,66.824,50000,10000,8.41560883874001,98.36252471522523,20.947,2864.3,,,
tanl,paper/fp16,four_ood,four,places,0,shuffled,21.384,95.67097259999998,98.96448093538767,84.28655725503391,17.4,66.824,50000,10000,24.363807728557966,95.18670462517052,20.907,2869.8,,,
tanl,paper/fp16,four_ood,four,places,1,shuffled,21.168,95.76116419999998,98.98417002535767,84.7780746359696,16.82,66.824,50000,10000,26.208530805687204,94.83512374934176,20.905,2870.1,,,
tanl,paper/fp16,four_ood,four,places,2,shuffled,21.564,95.59598880000001,98.95351935760954,83.82205051684801,17.919999999999998,66.824,50000,10000,32.29901269393512,93.96183024589817,21.072,2847.4,,,
tanl,paper/fp16,four_ood,four,textures_all,0,shuffled,14.582,96.69046063829786,99.594112880025,78.67214687710783,16.418439716312054,66.824,50000,5640,19.217540842648322,95.83856957029786,19.346,2876.0,,,
tanl,paper/fp16,four_ood,four,textures_all,1,shuffled,13.404,96.83585673758867,99.61486166884494,79.06534153501704,15.53191489361702,66.824,50000,5640,24.046292327475356,95.80950204969496,19.249,2890.6,,,
tanl,paper/fp16,four_ood,four,textures_all,2,shuffled,13.886000000000001,96.77310248226951,99.60528786342881,79.07713547605277,15.49645390070922,66.824,50000,5640,13.902331720193578,96.77918789118128,19.462,2859.0,,,
tanl,official_sh/fp32,four_ood,four,inaturalist,0,shuffled,0.594,99.7763707,99.9527384122443,98.79449731725953,0.47000000000000003,66.85,50000,10000,0.5183788878416589,99.79428384525669,11.354,5284.6,,,
tanl,official_sh/fp32,four_ood,four,inaturalist,1,shuffled,0.584,99.7826783,99.95474702281047,98.86761823476932,0.47000000000000003,66.85,50000,10000,0.7582938388625593,99.75587151132174,11.26,5328.5,,,
tanl,official_sh/fp32,four_ood,four,inaturalist,2,shuffled,0.61,99.77562590000001,99.95321652693744,98.80949803804884,0.47000000000000003,66.85,50000,10000,1.1283497884344147,99.69076787938211,11.301,5309.1,,,
tanl,official_sh/fp32,four_ood,four,sun,0,shuffled,4.088,98.6642522,99.72436630575426,92.92231630987465,4.109999999999999,66.85,50000,10000,5.843543826578699,98.51200082630757,11.242,5337.1,,,
tanl,official_sh/fp32,four_ood,four,sun,1,shuffled,4.204,98.671911,99.72389976330342,92.87031614121526,4.22,66.85,50000,10000,5.924170616113744,98.31648235913639,11.215,5349.8,,,
tanl,official_sh/fp32,four_ood,four,sun,2,shuffled,4.092,98.64120080000002,99.71743181583818,92.76216416648883,4.2,66.85,50000,10000,5.030559473436766,98.56719555348533,11.177,5368.4,,,
tanl,official_sh/fp32,four_ood,four,places,0,shuffled,22.118,95.6620456,98.94793175106582,83.87443628624102,16.23,66.85,50000,10000,24.17530631479736,95.37881037532439,11.17,5371.3,,,
tanl,official_sh/fp32,four_ood,four,places,1,shuffled,22.264,95.647226,98.93735827569465,83.95162704349346,16.53,66.85,50000,10000,20.047393364928908,95.09794628751975,11.204,5355.2,,,
tanl,official_sh/fp32,four_ood,four,places,2,shuffled,23.244,95.5570388,98.92225368439578,83.51464571645728,16.619999999999997,66.85,50000,10000,25.43488481429243,94.60537616545656,11.239,5338.8,,,
tanl,official_sh/fp32,four_ood,four,textures_all,0,shuffled,16.125999999999998,96.46417234042552,99.56514777037788,75.00556401089023,13.457446808510639,66.85,50000,5640,13.628546861564919,96.21815081832277,10.313,5395.2,,,
tanl,official_sh/fp32,four_ood,four,textures_all,1,shuffled,15.986,96.46199042553192,99.56808989944516,75.32837611556887,13.47517730496454,66.85,50000,5640,18.474067723960566,95.9023095180998,10.446,5326.3,,,
tanl,official_sh/fp32,four_ood,four,textures_all,2,shuffled,15.101999999999999,96.43766542553192,99.56363012872559,74.81967874492193,13.72340425531915,66.85,50000,5640,13.814342278926528,96.87254254228168,10.272,5416.9,,,
tanl,official_sh/fp16,four_ood,four,inaturalist,0,shuffled,0.594,99.7765359,99.95291732932078,98.79404293695539,0.47000000000000003,66.824,50000,10000,0.5183788878416589,99.79487560197798,20.833,2880.1,,,
tanl,official_sh/fp16,four_ood,four,inaturalist,1,shuffled,0.582,99.7828035,99.95483055843503,98.86745498472224,0.47000000000000003,66.824,50000,10000,0.7109004739336493,99.75813586097945,20.889,2872.4,,,
tanl,official_sh/fp16,four_ood,four,inaturalist,2,shuffled,0.61,99.77562350000001,99.95331324582955,98.80808363408053,0.47000000000000003,66.824,50000,10000,1.1283497884344147,99.69011640721787,20.852,2877.4,,,
tanl,official_sh/fp16,four_ood,four,sun,0,shuffled,4.092,98.6631293,99.72404256441398,92.9173617997656,4.130000000000001,66.824,50000,10000,5.843543826578699,98.51108629319288,21.127,2840.0,,,
tanl,official_sh/fp16,four_ood,four,sun,1,shuffled,4.19,98.67427100000002,99.72430872662409,92.89482938182381,4.22,66.824,50000,10000,5.924170616113744,98.31642969984202,20.908,2869.8,,,
tanl,official_sh/fp16,four_ood,four,sun,2,shuffled,4.164000000000001,98.63186460000001,99.71547990936834,92.7085182456294,4.22,66.824,50000,10000,4.983544898918665,98.54938864766322,20.882,2873.2,,,
tanl,official_sh/fp16,four_ood,four,places,0,shuffled,22.1,95.6616562,98.9502995842629,83.87206352170011,16.24,66.824,50000,10000,24.458058435438264,95.38214573138978,21.653,2771.0,,,
tanl,official_sh/fp16,four_ood,four,places,1,shuffled,22.312,95.6460631,98.93873346755662,83.93747970855566,16.55,66.824,50000,10000,20.047393364928908,95.09857819905213,21.609,2776.6,,,
tanl,official_sh/fp16,four_ood,four,places,2,shuffled,23.284,95.5572494,98.92355758778585,83.52002059041067,16.650000000000002,66.824,50000,10000,25.48189938881053,94.59158667131382,22.153,2708.4,,,
tanl,official_sh/fp16,four_ood,four,textures_all,0,shuffled,16.136,96.45889751773049,99.56448597524879,74.96726989372459,13.52836879432624,66.824,50000,5640,13.671539122957869,96.21934504780592,20.793,2675.9,,,
tanl,official_sh/fp16,four_ood,four,textures_all,1,shuffled,15.989999999999998,96.4611914893617,99.56798166607526,75.29879397599342,13.457446808510639,66.824,50000,5640,18.516930990141447,95.89815536895455,20.611,2699.5,,,
tanl,official_sh/fp16,four_ood,four,textures_all,2,shuffled,15.129999999999999,96.43969273049646,99.56387869546907,74.82714629547581,13.72340425531915,66.824,50000,5640,13.858336999560054,96.87123956275072,20.304,2740.4,,,
tanl,paper/fp32,openood_v15,near,ssb_hard,0,shuffled,62.739999999999995,83.9567619047619,81.98346674524805,85.86821790261499,52.118367346938776,66.8,45000,49000,68.73977086743044,80.76678433991667,18.404,5107.5,,,
tanl,paper/fp32,openood_v15,near,ssb_hard,1,shuffled,62.144444444444446,84.13525970521542,82.17938053451044,86.07789925833728,52.07142857142857,66.8,45000,49000,68.4640522875817,80.981052600681,18.199,5165.1,,,
tanl,paper/fp32,openood_v15,near,ssb_hard,2,shuffled,62.63333333333333,84.16670975056688,82.13184497319088,86.06122442429755,52.02040816326531,66.8,45000,49000,63.36000000000001,83.77514503816795,18.345,5124.1,,,
tanl,paper/fp32,openood_v15,near,ninco,0,shuffled,57.699999999999996,85.06098977528302,97.50992577048751,53.9522400342211,54.36298690253445,66.8,45000,5879,69.26121372031663,80.02257197507856,9.937,5120.2,,,
tanl,paper/fp32,openood_v15,near,ninco,1,shuffled,57.18666666666666,84.94626089093006,97.50287300330278,53.12464949214299,55.07739411464535,66.8,45000,5879,63.22295805739514,79.97021738317058,10.109,5033.2,,,
tanl,paper/fp32,openood_v15,near,ninco,2,shuffled,57.92,84.90199996220068,97.49091655709184,53.338953971276524,55.16244259227759,66.8,45000,5879,67.10816777041943,80.75100086055299,9.992,5092.2,,,
tanl,paper/fp32,openood_v15,far,inaturalist,0,shuffled,0.4688888888888889,99.8317768888889,99.95952455591642,99.35007545082061,0.43,66.8,45000,10000,1.3647058823529412,99.60557133198108,10.742,5119.9,,,
tanl,paper/fp32,openood_v15,far,inaturalist,1,shuffled,0.44888888888888884,99.83526944444445,99.95977994857739,99.37841216676684,0.48,66.8,45000,10000,0.9474182851729039,99.7442603648932,10.751,5115.8,,,
tanl,paper/fp32,openood_v15,far,inaturalist,2,shuffled,0.48,99.827454,99.95849583569229,99.33562522769226,0.49,66.8,45000,10000,1.5144344533838145,99.69942118196612,10.653,5162.7,,,
tanl,paper/fp32,openood_v15,far,textures,0,shuffled,11.342222222222222,97.30012381567614,99.66884642337257,81.96986586339423,13.197674418604652,66.8,45000,5160,13.590530469092505,96.9203282846139,9.492,5284.2,,,
tanl,paper/fp32,openood_v15,far,textures,1,shuffled,11.442222222222222,97.28708268733851,99.66846666629,81.3236826344325,13.352713178294573,66.8,45000,5160,13.156752062527138,96.90422406233792,9.734,5153.2,,,
tanl,paper/fp32,openood_v15,far,textures,2,shuffled,11.346666666666666,97.29614082687338,99.66972426724189,81.60667230780018,13.565891472868216,66.8,45000,5160,12.801724137931034,97.20923132183908,9.692,5175.2,,,
tanl,paper/fp32,openood_v15,far,openimage_o,0,shuffled,39.095555555555556,91.56221501039764,96.55806270587482,83.60292217182827,37.00296174932258,66.8,45000,15869,34.79834539813857,93.77170260778205,11.707,5199.4,,,
tanl,paper/fp32,openood_v15,far,openimage_o,1,shuffled,39.297777777777775,91.5673345656451,96.57833534478256,83.39268213854282,37.16680320120991,66.8,45000,15869,41.95617316942811,91.60612790595746,11.835,5143.3,,,
tanl,paper/fp32,openood_v15,far,openimage_o,2,shuffled,38.87777777777778,91.54985954446475,96.57309422084282,83.4750052067719,37.135295229693114,66.8,45000,15869,36.35411210057622,92.58520759053044,11.472,5305.8,,,
tanl,paper/fp16,openood_v15,near,ssb_hard,0,shuffled,62.866666666666674,83.95308637188207,81.98834735324239,85.8693783287559,52.13265306122449,66.78222222222222,45000,49000,68.98527004909984,80.76956715326146,33.26,2826.2,,,
tanl,paper/fp16,openood_v15,near,ssb_hard,1,shuffled,62.16666666666667,84.13782607709751,82.18339739424837,86.08234613014984,52.008163265306116,66.78222222222222,45000,49000,68.54575163398692,80.96032200305274,33.132,2837.1,,,
tanl,paper/fp16,openood_v15,near,ssb_hard,2,shuffled,62.62444444444445,84.16322990929706,82.13716592146658,86.05859170659448,51.94897959183673,66.78222222222222,45000,49000,63.68000000000001,83.75090076335879,33.202,2831.2,,,
tanl,paper/fp16,openood_v15,near,ninco,0,shuffled,57.77333333333333,85.02223545198541,97.5039212156092,53.82812791973706,54.53308385779895,66.78222222222222,45000,5879,69.61301671064204,80.01572965293282,17.821,2855.0,,,
tanl,paper/fp16,openood_v15,near,ninco,1,shuffled,57.15555555555556,85.08212451097124,97.52335983394218,53.63749848314955,54.6521517264841,66.78222222222222,45000,5879,63.53200883002208,79.9090058742096,17.864,2848.1,,,
tanl,paper/fp16,openood_v15,near,ninco,2,shuffled,57.84222222222222,84.90467955623593,97.49030024241712,53.3282381378945,55.07739411464535,66.78222222222222,45000,5879,67.24061810154525,80.74673551090657,17.899,2842.6,,,
tanl,paper/fp16,openood_v15,far,inaturalist,0,shuffled,0.47333333333333333,99.83190533333332,99.95962609935673,99.35007408871175,0.43,66.78222222222222,45000,10000,1.3647058823529412,99.60475997295471,19.334,2844.7,,,
tanl,paper/fp16,openood_v15,far,inaturalist,1,shuffled,0.4511111111111111,99.83529444444444,99.95987280550787,99.37799263034243,0.48,66.78222222222222,45000,10000,0.9474182851729039,99.74399660701869,19.301,2849.6,,,
tanl,paper/fp16,openood_v15,far,inaturalist,2,shuffled,0.4822222222222223,99.82752733333334,99.95860299149551,99.33524025585012,0.49,66.78222222222222,45000,10000,1.5144344533838145,99.69926236962831,19.538,2815.0,,,
tanl,paper/fp16,openood_v15,far,textures,0,shuffled,11.36888888888889,97.29964513350559,99.66875165376268,81.95887184938054,13.236434108527131,66.78222222222222,45000,5160,13.590530469092505,96.92252816236355,17.65,2841.9,,,
tanl,paper/fp16,openood_v15,far,textures,1,shuffled,11.337777777777777,97.29575904392766,99.66954982422149,81.3712568673093,13.333333333333334,66.78222222222222,45000,5160,13.156752062527138,96.90287241645561,17.626,2845.8,,,
tanl,paper/fp16,openood_v15,far,textures,2,shuffled,11.671111111111111,97.26325538329027,99.6656178582224,81.43515852772894,13.798449612403102,66.78222222222222,45000,5160,12.801724137931034,97.20923132183907,17.79,2819.6,,,
tanl,paper/fp16,openood_v15,far,openimage_o,0,shuffled,39.17333333333333,91.56560547818597,96.56291067509099,83.60483419513088,37.00926334362594,66.78222222222222,45000,15869,34.74663908996898,93.76918337072266,21.623,2815.1,,,
tanl,paper/fp16,openood_v15,far,openimage_o,1,shuffled,39.544444444444444,91.56485684878274,96.57699824592193,83.38904635346526,37.17310479551327,66.78222222222222,45000,15869,42.22340994120791,91.60779571164494,21.378,2847.3,,,
tanl,paper/fp16,openood_v15,far,openimage_o,2,shuffled,38.86666666666667,91.55061251496629,96.57424180089077,83.47926667943523,37.14159682399647,66.78222222222222,45000,15869,36.40649554740702,92.59566818667176,21.764,2796.8,,,
tanl,official_sh/fp32,openood_v15,near,ssb_hard,0,shuffled,63.68888888888888,82.75763673469388,81.04434818237482,84.32595509133776,55.6469387755102,66.8,45000,49000,68.41243862520459,81.15231101945155,17.683,5315.8,,,
tanl,official_sh/fp32,openood_v15,near,ssb_hard,1,shuffled,63.53333333333333,83.17360519274376,81.32657913597035,84.80344634646592,54.74897959183673,66.8,45000,49000,65.84967320261438,81.60859653242534,17.852,5265.5,,,
tanl,official_sh/fp32,openood_v15,near,ssb_hard,2,shuffled,63.42,82.4068843537415,80.89350182344455,83.94268029960152,56.8204081632653,66.8,45000,49000,59.68,82.04140458015267,17.768,5290.4,,,
tanl,official_sh/fp32,openood_v15,near,ninco,0,shuffled,57.39777777777778,84.34673961936082,97.40831213357922,49.394836828001644,57.64585813913931,66.8,45000,5879,61.25769569041337,81.2881709319704,9.603,5298.2,,,
tanl,official_sh/fp32,openood_v15,near,ninco,1,shuffled,57.68666666666667,84.64567708038027,97.45511912806329,50.345346566302354,56.387140670182,66.8,45000,5879,60.9271523178808,82.05036105810603,9.802,5190.4,,,
tanl,official_sh/fp32,openood_v15,near,ninco,2,shuffled,57.95111111111111,84.60222827011398,97.44623955885667,50.13307987183937,56.54022792992005,66.8,45000,5879,58.54304635761589,82.85479103528269,9.62,5288.7,,,
tanl,official_sh/fp32,openood_v15,far,inaturalist,0,shuffled,0.5866666666666667,99.77647,99.94827359968656,98.87650868975015,0.48,66.8,45000,10000,0.9882352941176471,99.58458417849899,10.449,5263.7,,,
tanl,official_sh/fp32,openood_v15,far,inaturalist,1,shuffled,0.5933333333333333,99.7788728888889,99.94896995457971,98.89862297017129,0.48,66.8,45000,10000,0.7579346281383231,99.83351602962107,10.451,5262.7,,,
tanl,official_sh/fp32,openood_v15,far,inaturalist,2,shuffled,0.5955555555555556,99.76920822222223,99.9470418316035,98.86681018352567,0.5,66.8,45000,10000,0.9938476100331283,99.74812363222874,10.534,5221.3,,,
tanl,official_sh/fp32,openood_v15,far,textures,0,shuffled,11.151111111111112,97.1665583548665,99.65427698714413,78.25927420416846,10.290697674418604,66.8,45000,5160,13.28364752301622,96.61611661866219,9.517,5270.5,,,
tanl,official_sh/fp32,openood_v15,far,textures,1,shuffled,11.593333333333334,97.08127067183463,99.64158926917854,78.22848227958158,10.755813953488373,66.8,45000,5160,15.544941380807643,96.76821469543194,9.455,5305.3,,,
tanl,official_sh/fp32,openood_v15,far,textures,2,shuffled,11.486666666666668,97.10500064599485,99.64831829721321,77.84127279617762,10.678294573643411,66.8,45000,5160,11.336206896551724,96.9480962643678,9.48,5291.2,,,
tanl,official_sh/fp32,openood_v15,far,openimage_o,0,shuffled,40.26444444444445,91.50940863038348,96.50014379820387,83.57568036929433,36.28457999873968,66.8,45000,15869,36.50465356773526,92.98144685153186,11.468,5307.9,,,
tanl,official_sh/fp32,openood_v15,far,openimage_o,1,shuffled,40.76222222222222,91.52006448631505,96.52443691107145,83.5855852814249,36.34759594177327,66.8,45000,15869,40.406199893105295,91.72085742278256,11.572,5260.2,,,
tanl,official_sh/fp32,openood_v15,far,openimage_o,2,shuffled,40.760000000000005,91.50134679073804,96.51937179135373,83.55113884782543,36.316087970256476,66.8,45000,15869,40.70193818753274,92.5358013902937,11.574,5259.1,,,
tanl,official_sh/fp16,openood_v15,near,ssb_hard,0,shuffled,63.808888888888895,82.7602512244898,81.05247892134055,84.32946507850895,55.63469387755102,66.78222222222222,45000,49000,68.65793780687397,81.23487800880224,33.351,2818.5,,,
tanl,official_sh/fp16,openood_v15,near,ssb_hard,1,shuffled,63.48444444444444,83.1876744217687,81.34336791827393,84.81575141506536,54.72857142857143,66.78222222222222,45000,49000,66.09477124183006,81.59147391491526,33.303,2822.6,,,
tanl,official_sh/fp16,openood_v15,near,ssb_hard,2,shuffled,63.57111111111111,82.41722376417235,80.91147081809227,83.95778334223029,56.802040816326524,66.78222222222222,45000,49000,59.68,82.04335877862596,32.906,2856.7,,,
tanl,official_sh/fp16,openood_v15,near,ninco,0,shuffled,57.608888888888885,84.34289429419212,97.40755447069857,49.41462920728188,57.64585813913931,66.78222222222222,45000,5879,61.25769569041337,81.23158723422576,18.028,2822.2,,,
tanl,official_sh/fp16,openood_v15,near,ninco,1,shuffled,57.70222222222222,84.63724367333825,97.453577865,50.31796444897297,56.43816975676136,66.78222222222222,45000,5879,61.05960264900663,82.05447674636135,17.879,2845.8,,,
tanl,official_sh/fp16,openood_v15,near,ninco,2,shuffled,58.053333333333335,84.6132949670201,97.44846264757197,50.14495477769812,56.5572376254465,66.78222222222222,45000,5879,58.94039735099338,82.7702323493097,17.99,2828.1,,,
tanl,official_sh/fp16,openood_v15,far,inaturalist,0,shuffled,0.5888888888888889,99.77629133333333,99.9482690748312,98.8740337920404,0.48,66.78222222222222,45000,10000,0.9882352941176471,99.58155510480053,19.496,2821.0,,,
tanl,official_sh/fp16,openood_v15,far,inaturalist,1,shuffled,0.5933333333333333,99.77915177777778,99.94907122522461,98.90244884033703,0.5,66.78222222222222,45000,10000,0.7579346281383231,99.83494032214331,19.371,2839.3,,,
tanl,official_sh/fp16,openood_v15,far,inaturalist,2,shuffled,0.5977777777777779,99.7693241111111,99.94714108059235,98.86678766590616,0.5,66.78222222222222,45000,10000,0.9938476100331283,99.7480706947828,19.45,2827.7,,,
tanl,official_sh/fp16,openood_v15,far,textures,0,shuffled,11.13111111111111,97.17192312661498,99.654916146814,78.37372887190462,10.251937984496124,66.78222222222222,45000,5160,13.371328364752303,96.61548808216229,17.628,2845.5,,,
tanl,official_sh/fp16,openood_v15,far,textures,1,shuffled,11.526666666666667,97.08137467700256,99.64160244599293,78.24196922533692,10.794573643410853,66.78222222222222,45000,5160,15.544941380807643,96.77615561499042,17.609,2848.5,,,
tanl,official_sh/fp16,openood_v15,far,textures,2,shuffled,11.466666666666667,97.10299440137811,99.64805240642895,77.83339849445765,10.678294573643411,66.78222222222222,45000,5160,11.336206896551724,96.9463900862069,17.461,2872.7,,,
tanl,official_sh/fp16,openood_v15,far,openimage_o,0,shuffled,40.6,91.49686278628494,96.49676237312993,83.5512458100937,36.322389564559835,66.78222222222222,45000,15869,36.81489141675284,92.78056867027233,21.597,2818.4,,,
tanl,official_sh/fp16,openood_v15,far,openimage_o,1,shuffled,40.973333333333336,91.5191461339719,96.5230279180635,83.58564931748353,36.38540550759342,66.78222222222222,45000,15869,40.45964724746125,91.72384395854843,21.615,2816.0,,,
tanl,official_sh/fp16,openood_v15,far,openimage_o,2,shuffled,41.08,91.47682357636484,96.50803368468662,83.51557988953354,36.36650072468334,66.78222222222222,45000,15869,41.27815610267155,92.23328899649891,21.649,2811.6,,,
tanl,paper/fp32,near_50k,near,ssb_hard,0,shuffled,62.605999999999995,84.00723822448978,83.43662174066644,84.7501726489898,52.08571428571429,66.85,50000,49000,67.02702702702703,79.99297999298,18.654,5307.1,,,
tanl,paper/fp32,near_50k,near,ssb_hard,1,shuffled,62.302,83.97984414285715,83.43634614911781,84.71769473694773,52.806122448979586,66.85,50000,49000,69.23076923076923,81.62268897086325,19.08,5188.7,,,
tanl,paper/fp32,near_50k,near,ssb_hard,2,shuffled,62.186,83.77980797959184,83.34273759700936,84.53131496827532,52.83469387755102,66.85,50000,49000,63.903950426026334,81.99983030973357,19.089,5186.4,,,
tanl,paper/fp32,near_50k,near,ninco,0,shuffled,58.087999999999994,84.87204728695357,97.72052078435173,51.39829409450509,54.9243068549073,66.85,50000,5879,71.19234116623151,78.15624605531528,10.657,5243.2,,,
tanl,paper/fp32,near_50k,near,ninco,1,shuffled,57.336,85.06504813743834,97.76028962475222,51.45532478816675,55.145432896751146,66.85,50000,5879,62.538293216630194,82.78687089715535,10.547,5298.3,,,
tanl,paper/fp32,near_50k,near,ninco,2,shuffled,57.21000000000001,85.15246164313658,97.78050205546232,51.4730441433778,54.839258377275044,66.85,50000,5879,60.45296167247387,83.27171431211065,10.612,5265.4,,,
tanl,paper/fp16,near_50k,near,ssb_hard,0,shuffled,62.727999999999994,84.00329679591836,83.43390662733916,84.74994991238414,52.0469387755102,66.824,50000,49000,67.41312741312741,79.78933874586048,34.695,2853.4,,,
tanl,paper/fp16,near_50k,near,ssb_hard,1,shuffled,62.294000000000004,83.98505934693878,83.44972551981584,84.71927440027545,52.85918367346939,66.824,50000,49000,69.53242835595776,81.70213728179216,34.975,2830.6,,,
tanl,paper/fp16,near_50k,near,ssb_hard,2,shuffled,62.248000000000005,83.79037422448978,83.35483758433848,84.54076308530722,52.840816326530614,66.824,50000,49000,63.74903175832688,82.03926193279656,34.828,2842.5,,,
tanl,paper/fp16,near_50k,near,ninco,0,shuffled,57.87,84.98852525939785,97.74229536642403,51.63222904128069,54.873277768327945,66.824,50000,5879,70.75718015665797,78.55943435712433,19.528,2861.5,,,
tanl,paper/fp16,near_50k,near,ninco,1,shuffled,57.31,85.08721602313318,97.76226349584569,51.62913510169582,54.8562680728015,66.824,50000,5879,62.538293216630194,82.793236522777,19.665,2841.5,,,
tanl,paper/fp16,near_50k,near,ninco,2,shuffled,57.206,85.16524340874295,97.78423487358194,51.39832632531054,54.89028746385439,66.824,50000,5879,59.49477351916377,83.44040360046458,19.844,2815.9,,,
tanl,official_sh/fp32,near_50k,near,ssb_hard,0,shuffled,63.286,82.91784542857144,82.62089045404893,83.24629894129086,55.05102040816327,66.85,50000,49000,66.94980694980694,79.16950264776352,18.356,5393.4,,,
tanl,official_sh/fp32,near_50k,near,ssb_hard,1,shuffled,63.454,83.13271485714286,82.74891498338037,83.55629862542797,54.64081632653062,66.85,50000,49000,68.09954751131222,80.1407029586551,18.588,5326.1,,,
tanl,official_sh/fp32,near_50k,near,ssb_hard,2,shuffled,63.176,83.10153614285713,82.76735301515468,83.35946608248702,54.942857142857136,66.85,50000,49000,64.6010844306739,81.66075497519044,18.353,5394.1,,,
tanl,official_sh/fp32,near_50k,near,ninco,0,shuffled,56.77799999999999,85.07865283211432,97.77176822947332,49.31812921428915,55.587684980438844,66.85,50000,5879,56.570931244560484,84.21461742371395,10.443,5351.0,,,
tanl,official_sh/fp32,near_50k,near,ninco,1,shuffled,59.438,84.2395011056302,97.6133213211675,48.102870749542056,56.591257016499405,66.85,50000,5879,62.18818380743982,80.53359856773423,10.359,5394.4,,,
tanl,official_sh/fp32,near_50k,near,ninco,2,shuffled,56.602,85.27927572716449,97.79824610027698,49.81397770806654,54.686171117537,66.85,50000,5879,55.13937282229965,84.34051974448316,10.391,5377.8,,,
tanl,official_sh/fp16,near_50k,near,ssb_hard,0,shuffled,63.38399999999999,82.91604485714285,82.62677063589811,83.24292098613434,55.11632653061225,66.824,50000,49000,66.87258687258687,79.09481587742458,34.42,2876.3,,,
tanl,official_sh/fp16,near_50k,near,ssb_hard,1,shuffled,63.480000000000004,83.13672657142857,82.7549964448023,83.55510634934295,54.65102040816326,66.824,50000,49000,68.32579185520362,80.20563667431814,34.607,2860.7,,,
tanl,official_sh/fp16,near_50k,near,ssb_hard,2,shuffled,63.23800000000001,83.0976262244898,82.76783298223218,83.359772725895,54.98571428571428,66.824,50000,49000,64.67854376452362,81.65629907970498,34.569,2863.9,,,
tanl,official_sh/fp16,near_50k,near,ninco,0,shuffled,56.858,85.08204354482054,97.77181280411907,49.33558342965292,55.51964619833305,66.824,50000,5879,56.6579634464752,84.22034759731329,19.456,2872.1,,,
tanl,official_sh/fp16,near_50k,near,ninco,1,shuffled,59.431999999999995,84.23577104949821,97.61343536726488,48.12533137228136,56.64228610307875,66.824,50000,5879,62.757111597374184,80.5717923214641,19.43,2876.0,,,
tanl,official_sh/fp16,near_50k,near,ninco,2,shuffled,56.65599999999999,85.27830991665249,97.79816834107396,49.80768236239735,54.75420989964279,66.824,50000,5879,55.13937282229965,84.33532295956077,19.514,2863.5,,,
tanl,paper/fp16,temporal:I-S-P-T,four,inaturalist,0,temporal,0.494,99.82666919999998,99.96246601327677,99.23976173408695,0.48,66.824,50000,10000,,,82.706,725.5,0.0,1.4608859566446748,99.62229782362637
tanl,paper/fp16,temporal:I-S-P-T,four,sun,0,temporal,4.474,98.77264089999998,99.7354431798024,94.9253588172035,4.51,66.824,50000,10000,,,82.706,725.5,1.0,23.933649289099527,94.87382833070038
tanl,paper/fp16,temporal:I-S-P-T,four,places,0,temporal,20.788,95.75150820000002,98.98791170596388,84.36869410787841,17.02,66.824,50000,10000,,,82.706,725.5,2.0,19.652092148566055,95.94100268080796
tanl,paper/fp16,temporal:I-S-P-T,four,textures_all,0,temporal,14.64,96.66524521276597,99.5918849708698,78.82728443365826,16.27659574468085,66.824,50000,5640,,,82.706,672.7,3.0,29.275741710296682,93.35570185720611
tanl,paper/fp16,temporal:I-S-P-T,four,inaturalist,1,temporal,0.47400000000000003,99.83847989999998,99.96503794833143,99.3201630478601,0.41000000000000003,66.824,50000,10000,,,82.645,726.0,0.0,2.314596126594237,99.49015334319297
tanl,paper/fp16,temporal:I-S-P-T,four,sun,1,temporal,4.872,98.7190127,99.72422866738698,94.69844883657514,4.96,66.824,50000,10000,,,82.645,726.0,1.0,18.685446009389672,95.486133857408
tanl,paper/fp16,temporal:I-S-P-T,four,places,1,temporal,21.938,95.54164010000001,98.93796393126901,83.4492644268394,17.740000000000002,66.824,50000,10000,,,82.645,726.0,2.0,18.649669499527857,96.35707083007533
tanl,paper/fp16,temporal:I-S-P-T,four,textures_all,1,temporal,16.558,96.45714432624113,99.55923134562138,78.46866191666899,16.914893617021278,66.824,50000,5640,,,82.645,673.2,3.0,45.623113410952996,91.26089904970485
tanl,paper/fp16,temporal:I-S-P-T,four,inaturalist,2,temporal,0.44799999999999995,99.8368762,99.96452217274228,99.28769342155648,0.44999999999999996,66.824,50000,10000,,,82.419,728.0,0.0,0.78196872125115,99.75696049878212
tanl,paper/fp16,temporal:I-S-P-T,four,sun,2,temporal,4.704,98.7593538,99.73262406908134,94.71857815159233,4.569999999999999,66.824,50000,10000,,,82.419,728.0,1.0,23.644859813084114,95.35764352469961
tanl,paper/fp16,temporal:I-S-P-T,four,places,2,temporal,21.256,95.66914289999998,98.96370161097381,84.26386694897631,17.560000000000002,66.824,50000,10000,,,82.419,728.0,2.0,20.821661998132587,95.3639669583942
tanl,paper/fp16,temporal:I-S-P-T,four,textures_all,2,temporal,14.533999999999999,96.6834604609929,99.59285454053824,78.57535827061126,16.29432624113475,66.824,50000,5640,,,82.419,675.1,3.0,32.068965517241374,91.73805675287356
tanl,paper/fp16,temporal:S-P-T-I,four,sun,0,temporal,3.5999999999999996,98.98581400000002,99.78713151903527,95.37727161457794,3.4000000000000004,66.824,50000,10000,,,82.592,726.5,0.0,9.519321394910461,98.05086095223339
tanl,paper/fp16,temporal:S-P-T-I,four,places,0,temporal,21.258,95.7844135,98.98869564945599,84.90565713384157,16.689999999999998,66.824,50000,10000,,,82.592,726.5,1.0,20.14218009478673,95.70953133228015
tanl,paper/fp16,temporal:S-P-T-I,four,textures_all,0,temporal,15.409999999999998,96.60105407801419,99.58283011938333,78.56388671053578,16.170212765957448,66.824,50000,5640,,,82.592,673.7,2.0,28.904531456225254,93.91339938162125
tanl,paper/fp16,temporal:S-P-T-I,four,inaturalist,0,temporal,0.518,99.82184290000001,99.9614268430531,99.25698600854156,0.5,66.824,50000,10000,,,82.592,726.5,3.0,3.9735099337748347,99.06819155660958
tanl,paper/fp16,temporal:S-P-T-I,four,sun,1,temporal,3.83,98.95985130000001,99.78429248327863,95.10872431463672,3.6900000000000004,66.824,50000,10000,,,82.76,725.0,0.0,6.660368445914029,98.13559159379462
tanl,paper/fp16,temporal:S-P-T-I,four,places,1,temporal,22.618,95.3470257,98.88767452206697,82.86747757042872,18.759999999999998,66.824,50000,10000,,,82.76,725.0,1.0,24.366197183098592,95.59744513593186
tanl,paper/fp16,temporal:S-P-T-I,four,textures_all,1,temporal,14.155999999999999,96.65401595744683,99.59098316596419,78.02691766477751,16.77304964539007,66.824,50000,5640,,,82.76,672.3,2.0,28.216310510248583,93.90377161561567
tanl,paper/fp16,temporal:S-P-T-I,four,inaturalist,1,temporal,0.47600000000000003,99.8263,99.96201412115342,99.26779303113693,0.48,66.824,50000,10000,,,82.76,725.0,3.0,2.2940074906367043,99.14399821567382
tanl,paper/fp16,temporal:S-P-T-I,four,sun,2,temporal,3.9800000000000004,98.92489519999998,99.77767893996192,94.84672656010191,3.6700000000000004,66.824,50000,10000,,,82.787,724.8,0.0,5.93376264949402,98.26380778965732
tanl,paper/fp16,temporal:S-P-T-I,four,places,2,temporal,21.038,95.7749795,98.99002187577277,84.63468657956248,16.74,66.824,50000,10000,,,82.787,724.8,1.0,14.766355140186915,96.110536270583
tanl,paper/fp16,temporal:S-P-T-I,four,textures_all,2,temporal,15.73,96.50128670212766,99.56715454952412,78.29216219781875,17.21631205673759,66.824,50000,5640,,,82.787,672.1,2.0,41.02005231037489,90.69901213364709
tanl,paper/fp16,temporal:S-P-T-I,four,inaturalist,2,temporal,0.506,99.82760880000001,99.96237653172668,99.29594272879724,0.52,66.824,50000,10000,,,82.787,724.8,3.0,4.269449715370019,99.25132449497069
tanl,paper/fp16,temporal:P-T-I-S,four,places,0,temporal,21.384,95.67097259999998,98.96448093538767,84.28655725503391,17.4,66.824,50000,10000,,,82.736,725.2,0.0,24.363807728557966,95.18670462517052
tanl,paper/fp16,temporal:P-T-I-S,four,textures_all,0,temporal,15.751999999999999,96.5520604609929,99.57477784077162,78.3988836311308,16.70212765957447,66.824,50000,5640,,,82.736,672.5,1.0,43.12044577796828,90.16316364892909
tanl,paper/fp16,temporal:P-T-I-S,four,inaturalist,0,temporal,0.5660000000000001,99.8207913,99.96104671862264,99.25027344131418,0.49,66.824,50000,10000,,,82.736,725.2,2.0,4.513399153737659,98.92930549809932
tanl,paper/fp16,temporal:P-T-I-S,four,sun,0,temporal,4.308,98.79245100000001,99.74287752652754,94.91649324256389,4.2,66.824,50000,10000,,,82.736,725.2,3.0,21.381267738883633,95.8217902431367
tanl,paper/fp16,temporal:P-T-I-S,four,places,1,temporal,20.826,95.56061749999999,98.94368218086676,83.47914554355147,17.88,66.824,50000,10000,,,82.316,728.9,0.0,27.06660368445914,94.73529879050702
tanl,paper/fp16,temporal:P-T-I-S,four,textures_all,1,temporal,19.1,96.08639219858155,99.51019551656204,77.14530801755333,18.52836879432624,66.824,50000,5640,,,82.316,675.9,1.0,42.90096406660824,87.86704203683504
tanl,paper/fp16,temporal:P-T-I-S,four,inaturalist,1,temporal,0.508,99.82421439999999,99.96188831674142,99.25305274843015,0.5,66.824,50000,10000,,,82.316,728.9,2.0,4.0604343720491025,99.06196189523969
tanl,paper/fp16,temporal:P-T-I-S,four,sun,1,temporal,4.798,98.74017629999999,99.72620060721678,94.79406750898598,4.859999999999999,66.824,50000,10000,,,82.316,728.9,3.0,19.56928838951311,94.97098261606955
tanl,paper/fp16,temporal:P-T-I-S,four,places,2,temporal,22.368,95.3561828,98.90191930180767,82.5189723669133,19.18,66.824,50000,10000,,,82.83,724.4,0.0,26.26494940202392,93.57277004256616
tanl,paper/fp16,temporal:P-T-I-S,four,textures_all,2,temporal,16.286,96.41925939716313,99.55409215411922,78.23648836611684,17.411347517730498,66.824,50000,5640,,,82.83,671.7,1.0,44.636678200692046,89.245277095658
tanl,paper/fp16,temporal:P-T-I-S,four,inaturalist,2,temporal,0.52,99.82835750000001,99.96293028091925,99.26173937596002,0.4,66.824,50000,10000,,,82.83,724.4,2.0,2.801120448179272,99.31239640991963
tanl,paper/fp16,temporal:P-T-I-S,four,sun,2,temporal,4.6899999999999995,98.7134297,99.72021163539723,94.63293778563093,4.87,66.824,50000,10000,,,82.83,724.4,3.0,20.588235294117645,95.24037169820826
tanl,paper/fp16,temporal:T-I-S-P,four,textures_all,0,temporal,14.582,96.69046063829786,99.594112880025,78.67214687710783,16.418439716312054,66.824,50000,5640,,,82.679,673.0,0.0,19.217540842648322,95.83856957029786
tanl,paper/fp16,temporal:T-I-S-P,four,inaturalist,0,temporal,0.488,99.83356349999998,99.96369276538182,99.31071554767823,0.44999999999999996,66.824,50000,10000,,,82.679,725.7,1.0,2.085308056872038,99.48135860979461
tanl,paper/fp16,temporal:T-I-S-P,four,sun,0,temporal,4.656,98.76875829999999,99.73648362250253,94.76350567148467,4.64,66.824,50000,10000,,,82.679,725.7,2.0,20.07522331922896,95.39458040306582
tanl,paper/fp16,temporal:T-I-S-P,four,places,0,temporal,21.068,95.687087,98.97058907356146,84.23916014015111,17.28,66.824,50000,10000,,,82.679,725.7,3.0,27.1523178807947,94.90721688847783
tanl,paper/fp16,temporal:T-I-S-P,four,textures_all,1,temporal,13.706,96.80776241134753,99.6102059479664,79.5042072997888,15.656028368794326,66.824,50000,5640,,,82.838,671.7,0.0,14.102564102564102,96.63840326340326
tanl,paper/fp16,temporal:T-I-S-P,four,inaturalist,1,temporal,0.508,99.82044950000001,99.96108085614148,99.23075948480377,0.5,66.824,50000,10000,,,82.838,724.3,1.0,3.5211267605633805,99.17043345343377
tanl,paper/fp16,temporal:T-I-S-P,four,sun,1,temporal,4.3,98.79443509999999,99.74314625548179,94.83247877652252,4.3,66.824,50000,10000,,,82.838,724.3,2.0,20.96317280453258,96.14033344869873
tanl,paper/fp16,temporal:T-I-S-P,four,places,1,temporal,20.483999999999998,95.85147169999999,99.01008128375464,84.79052143854986,16.32,66.824,50000,10000,,,82.838,724.3,3.0,20.55243445692884,95.76393673591971
tanl,paper/fp16,temporal:T-I-S-P,four,textures_all,2,temporal,14.356,96.71881117021276,99.59878445965202,78.95589895707954,15.939716312056737,66.824,50000,5640,,,82.772,672.2,0.0,16.972076788830716,96.50227266807325
tanl,paper/fp16,temporal:T-I-S-P,four,inaturalist,2,temporal,0.5,99.8279033,99.96228716478424,99.288226054784,0.49,66.824,50000,10000,,,82.772,724.9,1.0,3.878504672897196,99.26129283489097
tanl,paper/fp16,temporal:T-I-S-P,four,sun,2,temporal,4.92,98.68417960000001,99.71748944344921,94.61060329276776,4.93,66.824,50000,10000,,,82.772,724.9,2.0,23.249299719887954,94.99428160418873
tanl,paper/fp16,temporal:T-I-S-P,four,places,2,temporal,20.256,95.7265461,98.97864625409584,84.27793568075825,16.869999999999997,66.824,50000,10000,,,82.772,724.9,3.0,24.71537001897533,95.66007497775017
tanl,paper/fp16,order:id_first,four,inaturalist,0,id_first,3.988,99.0646718,99.78250120443919,96.65596364617521,4.02,66.824,50000,10000,,,21.119,2841.0,,,
tanl,paper/fp16,order:id_first,four,inaturalist,1,id_first,4.2139999999999995,99.03765989999998,99.77751819949516,96.6168276584324,4.24,66.824,50000,10000,,,20.956,2863.1,,,
tanl,paper/fp16,order:id_first,four,inaturalist,2,id_first,5.154,98.9677656,99.76799059463308,96.43986396628411,5.12,66.824,50000,10000,,,20.939,2865.4,,,
tanl,paper/fp16,order:id_first,four,sun,0,id_first,15.454,96.48480630000002,99.20576165821947,86.66809632895452,17.29,66.824,50000,10000,,,21.031,2852.9,,,
tanl,paper/fp16,order:id_first,four,sun,1,id_first,15.966,96.6309474,99.24022743119339,87.46221909740221,16.8,66.824,50000,10000,,,21.129,2839.6,,,
tanl,paper/fp16,order:id_first,four,sun,2,id_first,16.102,96.7340026,99.28659368699734,87.64878360518378,16.619999999999997,66.824,50000,10000,,,20.935,2866.1,,,
tanl,paper/fp16,order:id_first,four,places,0,id_first,43.047999999999995,91.032408,97.7085692827236,71.49100917971391,37.95,66.824,50000,10000,,,20.966,2861.8,,,
tanl,paper/fp16,order:id_first,four,places,1,id_first,43.752,91.0068743,97.72430548215995,71.89806912658466,38.61,66.824,50000,10000,,,20.946,2864.5,,,
tanl,paper/fp16,order:id_first,four,places,2,id_first,39.53,91.44503619999999,97.94797177051295,72.41263451134468,38.080000000000005,66.824,50000,10000,,,21.128,2839.8,,,
tanl,paper/fp16,order:id_first,four,textures_all,0,id_first,17.156,95.92486719858155,99.487801855665,76.22769664195461,21.382978723404257,66.824,50000,5640,,,19.426,2864.2,,,
tanl,paper/fp16,order:id_first,four,textures_all,1,id_first,17.724,96.03109113475179,99.50221454759377,77.55294596668028,21.25886524822695,66.824,50000,5640,,,19.578,2842.0,,,
tanl,paper/fp16,order:id_first,four,textures_all,2,id_first,21.04,95.72925691489361,99.46539936093058,77.31884720488186,21.914893617021278,66.824,50000,5640,,,19.349,2875.6,,,
tanl,paper/fp16,order:ood_first,four,inaturalist,0,ood_first,3.662,99.1518748,99.8113850397321,96.70661213710088,3.6999999999999997,66.824,50000,10000,,,21.027,2853.5,,,
tanl,paper/fp16,order:ood_first,four,inaturalist,1,ood_first,4.434,99.02730150000001,99.781106811829,96.32383787961007,4.41,66.824,50000,10000,,,21.232,2825.9,,,
tanl,paper/fp16,order:ood_first,four,inaturalist,2,ood_first,3.8899999999999997,99.11135279999999,99.80128019068188,96.57708221145836,3.64,66.824,50000,10000,,,20.987,2858.9,,,
tanl,paper/fp16,order:ood_first,four,sun,0,ood_first,13.816,96.9156668,99.33772724174744,87.39247280215652,16.03,66.824,50000,10000,,,20.968,2861.5,,,
tanl,paper/fp16,order:ood_first,four,sun,1,ood_first,11.292,97.2314256,99.41351468028189,87.78825887080414,14.52,66.824,50000,10000,,,21.013,2855.4,,,
tanl,paper/fp16,order:ood_first,four,sun,2,ood_first,10.725999999999999,97.29229200000002,99.42592481681498,88.0489388665054,13.350000000000001,66.824,50000,10000,,,21.127,2840.0,,,
tanl,paper/fp16,order:ood_first,four,places,0,ood_first,35.386,92.4848399,98.22255415678734,73.76079523169658,34.94,66.824,50000,10000,,,20.966,2861.7,,,
tanl,paper/fp16,order:ood_first,four,places,1,ood_first,37.926,92.0760733,98.03976005695422,72.85189342153602,36.35,66.824,50000,10000,,,21.064,2848.4,,,
tanl,paper/fp16,order:ood_first,four,places,2,ood_first,36.152,92.37089820000001,98.1964071370772,72.8045628255528,35.589999999999996,66.824,50000,10000,,,20.947,2864.4,,,
tanl,paper/fp16,order:ood_first,four,textures_all,0,ood_first,18.472,96.06474078014186,99.51315360863225,77.47273118158502,20.19503546099291,66.824,50000,5640,,,19.439,2862.4,,,
tanl,paper/fp16,order:ood_first,four,textures_all,1,ood_first,18.838,96.10526347517731,99.52004819898202,77.9498400688836,20.407801418439718,66.824,50000,5640,,,19.505,2852.6,,,
tanl,paper/fp16,order:ood_first,four,textures_all,2,ood_first,18.432000000000002,96.06667677304964,99.5150027476824,77.4292181138992,20.336879432624112,66.824,50000,5640,,,19.8,2810.1,,,
