batch,segment,segment_name,start,end,n,frac_ood,thr,n_admit_id,n_admit_ood,prec_admit_id,prec_admit_ood,recall_admit_id,recall_admit_ood,churn,churn_sel0_vs_sel,surv_first,surv_init,oracle_overlap,unique,pos_purity,neg_purity,pos_init_frac,neg_init_frac,overlap_oracle_seg0
0,0,ninco,0,256,256,0.12890625,0.6499999761581421,171,44,0.9298245614035088,0.36363636363636365,0.7130044843049327,0.48484848484848486,0.007000000000000006,0.007000000000000006,1.0,0.993,0.018,1007,0.9298245614035088,0.36363636363636365,0.43,0.2542372881355932,0.018
1,0,ninco,256,512,256,0.1171875,0.6800000071525574,167,50,0.9341317365269461,0.34,0.6902654867256637,0.5666666666666667,0.538,0.030000000000000027,0.462,0.455,0.134,1545,0.9266666666666666,0.35106382978723405,0.0,0.13761467889908258,0.134
2,0,ninco,512,768,256,0.1171875,0.6699999570846558,179,44,0.9329608938547486,0.3409090909090909,0.7389380530973452,0.5,0.41600000000000004,0.030000000000000027,0.246,0.24,0.219,1953,0.94,0.34782608695652173,0.0,0.09803921568627451,0.219
3,0,ninco,768,1024,256,0.125,0.6800000071525574,178,42,0.9325842696629213,0.38095238095238093,0.7410714285714286,0.5,0.19899999999999995,0.03600000000000003,0.186,0.18,0.245,2139,0.94,0.35555555555555557,0.0,0.07692307692307693,0.245
4,0,ninco,1024,1280,256,0.10546875,0.6699999570846558,180,40,0.9611111111111111,0.325,0.7554585152838428,0.48148148148148145,0.15900000000000003,0.04800000000000004,0.151,0.145,0.279,2265,0.9466666666666667,0.35,0.0,0.06382978723404255,0.279
5,0,ninco,1280,1536,256,0.07421875,0.6599999666213989,190,38,0.9526315789473684,0.23684210526315788,0.7637130801687764,0.47368421052631576,0.15100000000000002,0.03500000000000003,0.109,0.103,0.286,2390,0.9533333333333334,0.3333333333333333,0.0,0.054945054945054944,0.286
6,0,ninco,1536,1792,256,0.11328125,0.6599999666213989,187,35,0.9411764705882353,0.4,0.775330396475771,0.4827586206896552,0.10299999999999998,0.038000000000000034,0.087,0.081,0.294,2465,0.9433333333333334,0.3412969283276451,0.0,0.023333333333333334,0.294
7,0,ninco,1792,2048,256,0.15625,0.6599999666213989,175,54,0.96,0.48148148148148145,0.7777777777777778,0.65,0.11599999999999999,0.04300000000000004,0.04,0.034,0.325,2544,0.96,0.36666666666666664,0.0,0.0,0.325
8,0,ninco,2048,2304,256,0.1171875,0.6499999761581421,180,50,0.9388888888888889,0.34,0.7477876106194691,0.5666666666666667,0.16100000000000003,0.041000000000000036,0.018,0.014,0.339,2663,0.9466666666666667,0.36333333333333334,0.0,0.0,0.339
9,0,ninco,2304,2560,256,0.09765625,0.6499999761581421,193,41,0.9430051813471503,0.3170731707317073,0.7878787878787878,0.52,0.15100000000000002,0.040000000000000036,0.018,0.014,0.342,2775,0.94,0.36,0.0,0.0,0.342
10,0,ninco,2560,2816,256,0.15234375,0.6499999761581421,185,38,0.9513513513513514,0.5789473684210527,0.8110599078341014,0.5641025641025641,0.127,0.05400000000000005,0.019,0.016,0.362,2874,0.94,0.38666666666666666,0.0,0.0,0.362
11,0,ninco,2816,3072,256,0.140625,0.6499999761581421,175,40,0.9371428571428572,0.45,0.7454545454545455,0.5,0.131,0.030000000000000027,0.019,0.016,0.391,2965,0.9433333333333334,0.4,0.0,0.0,0.391
12,0,ninco,3072,3328,256,0.09765625,0.6399999856948853,186,42,0.9408602150537635,0.2857142857142857,0.7575757575757576,0.48,0.122,0.03600000000000003,0.018,0.015,0.395,3044,0.94,0.4066666666666667,0.0,0.0,0.395
13,0,ninco,3328,3584,256,0.140625,0.6399999856948853,173,56,0.9421965317919075,0.39285714285714285,0.740909090909091,0.6111111111111112,0.127,0.030000000000000027,0.016,0.013,0.433,3142,0.9433333333333334,0.3933333333333333,0.0,0.0,0.433
14,0,ninco,3584,3840,256,0.109375,0.6399999856948853,183,48,0.9781420765027322,0.3958333333333333,0.7850877192982456,0.6785714285714286,0.136,0.031000000000000028,0.016,0.014,0.443,3237,0.9633333333333334,0.3933333333333333,0.0,0.0,0.443
15,0,ninco,3840,4096,256,0.11328125,0.6399999856948853,169,55,0.9644970414201184,0.36363636363636365,0.7180616740088106,0.6896551724137931,0.14200000000000002,0.029000000000000026,0.016,0.014,0.468,3328,0.97,0.4,0.0,0.0,0.468
16,0,ninco,4096,4352,256,0.12109375,0.6299999952316284,172,55,0.9418604651162791,0.34545454545454546,0.72,0.6129032258064516,0.15200000000000002,0.030000000000000027,0.018,0.015,0.488,3434,0.95,0.37666666666666665,0.0,0.0,0.488
17,0,ninco,4352,4608,256,0.10546875,0.6299999952316284,175,51,0.9714285714285714,0.39215686274509803,0.74235807860262,0.7407407407407407,0.13,0.029000000000000026,0.015,0.015,0.486,3516,0.9566666666666667,0.37333333333333335,0.0,0.0,0.486
18,0,ninco,4608,4864,256,0.11328125,0.6299999952316284,177,47,0.96045197740113,0.3404255319148936,0.748898678414097,0.5517241379310345,0.10599999999999998,0.02200000000000002,0.014,0.014,0.492,3581,0.96,0.37,0.0,0.0,0.492
19,0,ninco,4864,5120,256,0.08984375,0.6399999856948853,169,57,0.9644970414201184,0.24561403508771928,0.6995708154506438,0.6086956521739131,0.11199999999999999,0.03400000000000003,0.016,0.014,0.506,3639,0.9566666666666667,0.3466666666666667,0.0,0.0,0.506
20,0,ninco,5120,5376,256,0.08203125,0.6399999856948853,166,47,0.9698795180722891,0.2553191489361702,0.6851063829787234,0.5714285714285714,0.134,0.02300000000000002,0.017,0.014,0.495,3722,0.9666666666666667,0.32666666666666666,0.0,0.0,0.495
21,0,ninco,5376,5632,256,0.09765625,0.6299999952316284,172,61,0.9825581395348837,0.32786885245901637,0.7316017316017316,0.8,0.10299999999999998,0.029000000000000026,0.022,0.018,0.491,3782,0.9733333333333334,0.32,0.0,0.0,0.491
22,0,ninco,5632,5888,256,0.13671875,0.6299999952316284,160,64,0.96875,0.421875,0.7013574660633484,0.7714285714285715,0.14,0.025000000000000022,0.022,0.019,0.468,3858,0.9733333333333334,0.3333333333333333,0.0,0.0,0.468
23,0,ninco,5888,6144,256,0.12109375,0.6299999952316284,167,56,0.9401197604790419,0.3392857142857143,0.6977777777777778,0.6129032258064516,0.15200000000000002,0.04200000000000004,0.021,0.017,0.464,3921,0.95,0.3333333333333333,0.0,0.0,0.464
24,0,ninco,6144,6400,256,0.13671875,0.6299999952316284,170,55,0.9705882352941176,0.4727272727272727,0.746606334841629,0.7428571428571429,0.14600000000000002,0.030000000000000027,0.021,0.017,0.467,3973,0.9533333333333334,0.3566666666666667,0.0,0.0,0.467
25,0,ninco,6400,6656,256,0.13671875,0.6299999952316284,164,51,0.9573170731707317,0.45098039215686275,0.7104072398190046,0.6571428571428571,0.124,0.028000000000000025,0.025,0.023,0.469,4015,0.96,0.3933333333333333,0.0,0.0,0.469
26,0,ninco,6656,6912,256,0.12890625,0.6299999952316284,176,45,0.9488636363636364,0.4222222222222222,0.7488789237668162,0.5757575757575758,0.131,0.03500000000000003,0.023,0.021,0.488,4065,0.9533333333333334,0.4066666666666667,0.0,0.0,0.488
27,0,ninco,6912,7168,256,0.1171875,0.6299999952316284,160,64,0.96875,0.375,0.6858407079646017,0.8,0.127,0.027000000000000024,0.021,0.019,0.5,4111,0.96,0.4066666666666667,0.0,0.0,0.5
28,0,ninco,7168,7424,256,0.12890625,0.6299999952316284,177,46,0.9717514124293786,0.5652173913043478,0.7713004484304933,0.7878787878787878,0.13,0.027000000000000024,0.021,0.019,0.506,4179,0.97,0.44666666666666666,0.0,0.0,0.506
29,0,ninco,7424,7680,256,0.10546875,0.6299999952316284,173,53,0.9710982658959537,0.33962264150943394,0.7336244541484717,0.6666666666666666,0.10799999999999998,0.025000000000000022,0.02,0.018,0.531,4222,0.9733333333333334,0.43666666666666665,0.0,0.0,0.531
30,0,ninco,7680,7936,256,0.109375,0.6299999952316284,170,57,0.9882352941176471,0.38596491228070173,0.7368421052631579,0.7857142857142857,0.10999999999999999,0.02300000000000002,0.023,0.021,0.534,4272,0.9766666666666667,0.41333333333333333,0.0,0.0,0.534
31,0,ninco,7936,8192,256,0.09765625,0.6299999952316284,167,45,0.9700598802395209,0.37777777777777777,0.7012987012987013,0.68,0.08899999999999997,0.029000000000000026,0.022,0.02,0.525,4302,0.98,0.41,0.0,0.0,0.525
32,0,ninco,8192,8448,256,0.1015625,0.6299999952316284,173,57,1.0,0.40350877192982454,0.7521739130434782,0.8846153846153846,0.11099999999999999,0.025000000000000022,0.022,0.02,0.524,4339,0.99,0.4033333333333333,0.0,0.0,0.524
33,0,ninco,8448,8704,256,0.10546875,0.6200000047683716,178,56,0.9719101123595506,0.3392857142857143,0.7554585152838428,0.7037037037037037,0.122,0.030000000000000027,0.022,0.019,0.545,4386,0.9833333333333333,0.3933333333333333,0.0,0.0,0.545
34,0,ninco,8704,8960,256,0.12890625,0.6200000047683716,171,46,0.9824561403508771,0.5434782608695652,0.7533632286995515,0.7575757575757576,0.11699999999999999,0.027000000000000024,0.021,0.018,0.538,4427,0.9733333333333334,0.4066666666666667,0.0,0.0,0.538
35,0,ninco,8960,9216,256,0.15625,0.6200000047683716,180,49,0.9611111111111111,0.6326530612244898,0.8009259259259259,0.775,0.08899999999999997,0.02400000000000002,0.019,0.016,0.553,4448,0.9666666666666667,0.44,0.0,0.0,0.553
36,0,ninco,9216,9472,256,0.109375,0.6200000047683716,172,47,0.9825581395348837,0.40425531914893614,0.7412280701754386,0.6785714285714286,0.09699999999999998,0.030000000000000027,0.019,0.016,0.549,4478,0.9766666666666667,0.44666666666666666,0.0,0.0,0.549
37,0,ninco,9472,9728,256,0.12109375,0.6200000047683716,179,52,0.9776536312849162,0.4807692307692308,0.7777777777777778,0.8064516129032258,0.09399999999999997,0.027000000000000024,0.018,0.015,0.533,4509,0.9833333333333333,0.47,0.0,0.0,0.533
38,0,ninco,9728,9984,256,0.11328125,0.6200000047683716,172,56,0.9651162790697675,0.375,0.7312775330396476,0.7241379310344828,0.10199999999999998,0.02200000000000002,0.02,0.017,0.538,4542,0.9733333333333334,0.45666666666666667,0.0,0.0,0.538
39,0,ninco,9984,10240,256,0.0859375,0.6200000047683716,166,47,0.9759036144578314,0.2978723404255319,0.6923076923076923,0.6363636363636364,0.121,0.025000000000000022,0.017,0.015,0.522,4580,0.97,0.45666666666666667,0.0,0.0,0.522
40,0,ninco,10240,10496,256,0.09765625,0.6200000047683716,172,49,0.9767441860465116,0.3877551020408163,0.7272727272727273,0.76,0.10399999999999998,0.027000000000000024,0.016,0.015,0.523,4607,0.98,0.43,0.0,0.0,0.523
41,0,ninco,10496,10752,256,0.09375,0.6200000047683716,173,48,0.9653179190751445,0.2708333333333333,0.7198275862068966,0.5416666666666666,0.10099999999999998,0.02400000000000002,0.016,0.014,0.51,4637,0.9666666666666667,0.37,0.0,0.0,0.51
42,0,ninco,10752,11008,256,0.09375,0.6200000047683716,165,54,0.9939393939393939,0.4074074074074074,0.7068965517241379,0.9166666666666666,0.09699999999999998,0.025000000000000022,0.019,0.017,0.502,4672,0.98,0.37,0.0,0.0,0.502
43,0,ninco,11008,11264,256,0.1171875,0.6200000047683716,174,50,0.9712643678160919,0.48,0.7477876106194691,0.8,0.11499999999999999,0.026000000000000023,0.02,0.018,0.524,4698,0.98,0.37666666666666665,0.0,0.0,0.524
44,0,ninco,11264,11520,256,0.140625,0.6200000047683716,176,46,0.9545454545454546,0.5,0.7636363636363637,0.6388888888888888,0.10299999999999998,0.03700000000000003,0.018,0.016,0.526,4725,0.9566666666666667,0.38666666666666666,0.0,0.0,0.526
45,0,ninco,11520,11776,256,0.1015625,0.6200000047683716,180,41,0.9666666666666667,0.34146341463414637,0.7565217391304347,0.5384615384615384,0.10399999999999998,0.02300000000000002,0.017,0.015,0.54,4749,0.9633333333333334,0.4,0.0,0.0,0.54
46,0,ninco,11776,12032,256,0.11328125,0.6200000047683716,175,56,0.9771428571428571,0.4107142857142857,0.7533039647577092,0.7931034482758621,0.09499999999999997,0.028000000000000025,0.02,0.018,0.557,4771,0.97,0.4033333333333333,0.0,0.0,0.557
47,0,ninco,12032,12288,256,0.12890625,0.6200000047683716,181,52,0.9723756906077348,0.4423076923076923,0.7892376681614349,0.696969696969697,0.10999999999999999,0.03300000000000003,0.021,0.019,0.562,4793,0.9733333333333334,0.43,0.0,0.0,0.562
48,0,ninco,12288,12544,256,0.10546875,0.6200000047683716,182,44,0.9615384615384616,0.4090909090909091,0.7641921397379913,0.6666666666666666,0.10199999999999998,0.020000000000000018,0.023,0.021,0.578,4801,0.9666666666666667,0.43,0.0,0.0,0.578
49,0,ninco,12544,12800,256,0.1171875,0.6200000047683716,159,56,0.9559748427672956,0.32142857142857145,0.672566371681416,0.6,0.08299999999999996,0.016000000000000014,0.023,0.021,0.563,4819,0.96,0.4066666666666667,0.0,0.0,0.563
50,0,ninco,12800,13056,256,0.09765625,0.6200000047683716,188,42,0.9627659574468085,0.35714285714285715,0.7835497835497836,0.6,0.09199999999999997,0.02300000000000002,0.023,0.021,0.56,4843,0.9633333333333334,0.38666666666666666,0.0,0.0,0.56
51,0,ninco,13056,13312,256,0.140625,0.6200000047683716,176,55,0.9545454545454546,0.4727272727272727,0.7636363636363637,0.7222222222222222,0.08699999999999997,0.02400000000000002,0.027,0.025,0.546,4867,0.96,0.4,0.0,0.0,0.546
52,0,ninco,13312,13568,256,0.1015625,0.6200000047683716,179,44,0.9664804469273743,0.38636363636363635,0.7521739130434782,0.6538461538461539,0.10499999999999998,0.02300000000000002,0.025,0.025,0.529,4902,0.9566666666666667,0.3933333333333333,0.0,0.0,0.529
53,0,ninco,13568,13824,256,0.13671875,0.6200000047683716,175,50,0.9485714285714286,0.46,0.751131221719457,0.6571428571428571,0.07499999999999996,0.019000000000000017,0.024,0.024,0.525,4918,0.96,0.39666666666666667,0.0,0.0,0.525
54,0,ninco,13824,14080,256,0.09375,0.6200000047683716,184,48,0.9728260869565217,0.3125,0.771551724137931,0.625,0.09699999999999998,0.026000000000000023,0.026,0.024,0.532,4937,0.9633333333333334,0.39,0.0,0.0,0.532
55,0,ninco,14080,14336,256,0.11328125,0.6200000047683716,186,44,0.9354838709677419,0.3409090909090909,0.7665198237885462,0.5172413793103449,0.08999999999999997,0.026000000000000023,0.023,0.021,0.529,4961,0.9466666666666667,0.38666666666666666,0.0,0.0,0.529
56,0,ninco,14336,14592,256,0.1171875,0.6200000047683716,185,51,0.9459459459459459,0.3333333333333333,0.7743362831858407,0.5666666666666667,0.09399999999999997,0.02100000000000002,0.022,0.02,0.518,4977,0.94,0.38666666666666666,0.0,0.0,0.518
57,0,ninco,14592,14848,256,0.140625,0.6200000047683716,157,54,0.9554140127388535,0.4444444444444444,0.6818181818181818,0.6666666666666666,0.10299999999999998,0.02100000000000002,0.021,0.018,0.513,5000,0.9533333333333334,0.38333333333333336,0.0,0.0,0.513
58,0,ninco,14848,15104,256,0.16796875,0.6200000047683716,170,63,0.9588235294117647,0.5079365079365079,0.7652582159624414,0.7441860465116279,0.09199999999999997,0.019000000000000017,0.019,0.016,0.523,5015,0.9566666666666667,0.4033333333333333,0.0,0.0,0.523
59,0,ninco,15104,15360,256,0.1015625,0.6200000047683716,184,46,0.9728260869565217,0.3695652173913043,0.7782608695652173,0.6538461538461539,0.11699999999999999,0.028000000000000025,0.022,0.019,0.549,5041,0.9666666666666667,0.39666666666666667,0.0,0.0,0.549
60,0,ninco,15360,15616,256,0.11328125,0.6200000047683716,177,53,0.9830508474576272,0.4339622641509434,0.7665198237885462,0.7931034482758621,0.10499999999999998,0.031000000000000028,0.021,0.018,0.547,5066,0.98,0.41,0.0,0.0,0.547
61,0,ninco,15616,15872,256,0.125,0.6200000047683716,178,48,0.9550561797752809,0.3958333333333333,0.7589285714285714,0.59375,0.10499999999999998,0.02100000000000002,0.02,0.017,0.568,5074,0.9666666666666667,0.42333333333333334,0.0,0.0,0.568
62,0,ninco,15872,16128,256,0.1171875,0.6200000047683716,182,45,0.978021978021978,0.4888888888888889,0.7876106194690266,0.7333333333333333,0.08899999999999997,0.02100000000000002,0.021,0.018,0.56,5089,0.97,0.44666666666666666,0.0,0.0,0.56
63,0,ninco,16128,16384,256,0.12109375,0.6200000047683716,178,37,0.9719101123595506,0.4594594594594595,0.7688888888888888,0.5483870967741935,0.09199999999999997,0.027000000000000024,0.018,0.016,0.584,5104,0.9766666666666667,0.45,0.0,0.0,0.584
64,0,ninco,16384,16640,256,0.12109375,0.6200000047683716,178,52,0.9831460674157303,0.4423076923076923,0.7777777777777778,0.7419354838709677,0.07699999999999996,0.02100000000000002,0.018,0.017,0.581,5118,0.9766666666666667,0.43666666666666665,0.0,0.0,0.581
65,0,ninco,16640,16896,256,0.12109375,0.6200000047683716,173,50,0.9595375722543352,0.42,0.7377777777777778,0.6774193548387096,0.08699999999999997,0.02200000000000002,0.017,0.016,0.565,5128,0.9733333333333334,0.44333333333333336,0.0,0.0,0.565
66,0,ninco,16896,17152,256,0.1328125,0.6200000047683716,178,48,0.9831460674157303,0.5416666666666666,0.7882882882882883,0.7647058823529411,0.09199999999999997,0.017000000000000015,0.021,0.02,0.562,5144,0.9733333333333334,0.4533333333333333,0.0,0.0,0.562
67,0,ninco,17152,17408,256,0.15625,0.6200000047683716,175,55,0.9542857142857143,0.5272727272727272,0.7731481481481481,0.725,0.09899999999999998,0.02200000000000002,0.025,0.023,0.579,5152,0.9633333333333334,0.47333333333333333,0.0,0.0,0.579
68,0,ninco,17408,17664,256,0.15234375,0.6200000047683716,173,54,0.9653179190751445,0.5185185185185185,0.7695852534562212,0.717948717948718,0.09099999999999997,0.016000000000000014,0.024,0.021,0.587,5166,0.9666666666666667,0.48333333333333334,0.0,0.0,0.587
69,0,ninco,17664,17920,256,0.140625,0.6200000047683716,166,57,0.9939759036144579,0.543859649122807,0.75,0.8611111111111112,0.09999999999999998,0.02400000000000002,0.021,0.019,0.585,5183,0.9766666666666667,0.49666666666666665,0.0,0.0,0.585
70,0,ninco,17920,18176,256,0.08203125,0.6200000047683716,181,41,0.9668508287292817,0.3170731707317073,0.7446808510638298,0.6190476190476191,0.09499999999999997,0.018000000000000016,0.032,0.03,0.567,5206,0.98,0.48333333333333334,0.0,0.0,0.567
71,0,ninco,18176,18432,256,0.12890625,0.6200000047683716,181,46,0.9281767955801105,0.34782608695652173,0.7533632286995515,0.48484848484848486,0.07599999999999996,0.029000000000000026,0.03,0.028,0.562,5226,0.94,0.4766666666666667,0.0,0.0,0.562
72,0,ninco,18432,18688,256,0.10546875,0.6200000047683716,182,44,0.978021978021978,0.38636363636363635,0.777292576419214,0.6296296296296297,0.09299999999999997,0.02300000000000002,0.028,0.026,0.553,5245,0.96,0.45,0.0,0.0,0.553
73,0,ninco,18688,18944,256,0.125,0.6200000047683716,165,51,0.9636363636363636,0.39215686274509803,0.7098214285714286,0.625,0.09499999999999997,0.020000000000000018,0.026,0.023,0.544,5261,0.9666666666666667,0.42333333333333334,0.0,0.0,0.544
74,0,ninco,18944,19200,256,0.11328125,0.6200000047683716,170,57,0.9823529411764705,0.42105263157894735,0.73568281938326,0.8275862068965517,0.09699999999999998,0.025000000000000022,0.028,0.026,0.509,5276,0.97,0.4066666666666667,0.0,0.0,0.509
75,0,ninco,19200,19456,256,0.109375,0.6100000143051147,181,46,0.9779005524861878,0.4782608695652174,0.7763157894736842,0.7857142857142857,0.09299999999999997,0.03400000000000003,0.03,0.027,0.526,5299,0.9766666666666667,0.3933333333333333,0.0,0.0,0.526
76,0,ninco,19456,19712,256,0.140625,0.6100000143051147,180,49,0.95,0.5102040816326531,0.7772727272727272,0.6944444444444444,0.09599999999999997,0.03300000000000003,0.026,0.023,0.527,5318,0.9633333333333334,0.42,0.0,0.0,0.527
77,0,ninco,19712,19968,256,0.12109375,0.6100000143051147,176,46,0.9715909090909091,0.43478260869565216,0.76,0.6451612903225806,0.08599999999999997,0.029000000000000026,0.02,0.017,0.532,5337,0.9566666666666667,0.44,0.0,0.0,0.532
78,0,ninco,19968,20224,256,0.1328125,0.6100000143051147,178,49,0.9438202247191011,0.42857142857142855,0.7567567567567568,0.6176470588235294,0.09699999999999998,0.02200000000000002,0.023,0.02,0.549,5352,0.9566666666666667,0.44,0.0,0.0,0.549
79,0,ninco,20224,20480,256,0.109375,0.6100000143051147,171,46,0.9649122807017544,0.43478260869565216,0.7236842105263158,0.7142857142857143,0.09899999999999998,0.031000000000000028,0.022,0.021,0.54,5368,0.9566666666666667,0.44666666666666666,0.0,0.0,0.54
80,0,ninco,20480,20736,256,0.11328125,0.6100000143051147,169,55,0.9763313609467456,0.36363636363636365,0.7268722466960352,0.6896551724137931,0.09199999999999997,0.020000000000000018,0.023,0.022,0.54,5379,0.9666666666666667,0.44,0.0,0.0,0.54
81,0,ninco,20736,20992,256,0.08203125,0.6100000143051147,186,44,0.9731182795698925,0.3181818181818182,0.7702127659574468,0.6666666666666666,0.10199999999999998,0.030000000000000027,0.021,0.018,0.538,5391,0.98,0.41,0.0,0.0,0.538
82,0,ninco,20992,21248,256,0.109375,0.6100000143051147,184,52,0.9347826086956522,0.2692307692307692,0.7543859649122807,0.5,0.09999999999999998,0.026000000000000023,0.022,0.02,0.505,5416,0.9466666666666667,0.37,0.0,0.0,0.505
83,0,ninco,21248,21504,256,0.11328125,0.6100000143051147,172,50,0.9767441860465116,0.42,0.7400881057268722,0.7241379310344828,0.09399999999999997,0.02300000000000002,0.023,0.021,0.505,5436,0.9633333333333334,0.37,0.0,0.0,0.505
84,0,ninco,21504,21760,256,0.08984375,0.6100000143051147,167,49,0.9580838323353293,0.22448979591836735,0.6866952789699571,0.4782608695652174,0.08299999999999996,0.031000000000000028,0.023,0.021,0.489,5446,0.9666666666666667,0.34,0.0,0.0,0.489
85,0,ninco,21760,22016,256,0.109375,0.6100000143051147,179,41,0.9664804469273743,0.4878048780487805,0.7587719298245614,0.7142857142857143,0.08899999999999997,0.026000000000000023,0.021,0.019,0.484,5459,0.96,0.3466666666666667,0.0,0.0,0.484
86,0,ninco,22016,22272,256,0.08984375,0.6100000143051147,190,35,0.9473684210526315,0.2571428571428571,0.7725321888412017,0.391304347826087,0.07799999999999996,0.019000000000000017,0.019,0.018,0.501,5464,0.9566666666666667,0.3333333333333333,0.0,0.0,0.501
87,0,ninco,22272,22528,256,0.12109375,0.6100000143051147,185,47,0.9783783783783784,0.44680851063829785,0.8044444444444444,0.6774193548387096,0.05500000000000005,0.017000000000000015,0.018,0.017,0.506,5468,0.9733333333333334,0.3466666666666667,0.0,0.0,0.506
88,0,ninco,22528,22784,256,0.1015625,0.6100000143051147,182,50,0.9560439560439561,0.3,0.7565217391304347,0.5769230769230769,0.08499999999999996,0.02100000000000002,0.018,0.018,0.505,5475,0.97,0.3466666666666667,0.0,0.0,0.505
89,0,ninco,22784,23040,256,0.09375,0.6100000143051147,186,40,0.9623655913978495,0.325,0.771551724137931,0.5416666666666666,0.07999999999999996,0.016000000000000014,0.019,0.019,0.502,5491,0.9566666666666667,0.35333333333333333,0.0,0.0,0.502
90,0,ninco,23040,23296,256,0.09375,0.6100000143051147,180,47,0.9722222222222222,0.3404255319148936,0.7543103448275862,0.6666666666666666,0.09699999999999998,0.02400000000000002,0.021,0.021,0.512,5497,0.9666666666666667,0.35,0.0,0.0,0.512
91,0,ninco,23296,23552,256,0.13671875,0.6100000143051147,164,53,0.9390243902439024,0.37735849056603776,0.6968325791855203,0.5714285714285714,0.07599999999999996,0.02400000000000002,0.021,0.02,0.501,5509,0.96,0.36666666666666664,0.0,0.0,0.501
92,0,ninco,23552,23808,256,0.15625,0.6100000143051147,176,57,0.9545454545454546,0.47368421052631576,0.7777777777777778,0.675,0.09999999999999998,0.025000000000000022,0.024,0.021,0.527,5525,0.9533333333333334,0.38,0.0,0.0,0.527
93,0,ninco,23808,24064,256,0.1484375,0.6100000143051147,163,58,0.9325153374233128,0.3793103448275862,0.6972477064220184,0.5789473684210527,0.09499999999999997,0.018000000000000016,0.022,0.019,0.53,5539,0.94,0.37333333333333335,0.0,0.0,0.53
94,0,ninco,24064,24320,256,0.11328125,0.6100000143051147,183,45,0.9453551912568307,0.3111111111111111,0.762114537444934,0.4827586206896552,0.08799999999999997,0.02200000000000002,0.023,0.02,0.538,5551,0.9366666666666666,0.37333333333333335,0.0,0.0,0.538
95,0,ninco,24320,24576,256,0.12109375,0.6100000143051147,174,62,0.9655172413793104,0.3387096774193548,0.7466666666666667,0.6774193548387096,0.09499999999999997,0.02200000000000002,0.025,0.022,0.534,5565,0.9566666666666667,0.37333333333333335,0.0,0.0,0.534
96,0,ninco,24576,24832,256,0.1171875,0.6100000143051147,178,44,0.949438202247191,0.38636363636363635,0.7477876106194691,0.5666666666666667,0.08199999999999996,0.017000000000000015,0.025,0.022,0.537,5573,0.96,0.38,0.0,0.0,0.537
97,0,ninco,24832,25088,256,0.10546875,0.5999999642372131,181,46,0.9613259668508287,0.32608695652173914,0.759825327510917,0.5555555555555556,0.06799999999999995,0.02100000000000002,0.024,0.021,0.537,5588,0.96,0.36333333333333334,0.0,0.0,0.537
98,0,ninco,25088,25344,256,0.15234375,0.5999999642372131,180,40,0.9277777777777778,0.475,0.7695852534562212,0.48717948717948717,0.08499999999999996,0.02300000000000002,0.025,0.024,0.536,5600,0.9433333333333334,0.36666666666666664,0.0,0.0,0.536
99,0,ninco,25344,25600,256,0.140625,0.5999999642372131,174,53,0.9540229885057471,0.4339622641509434,0.7545454545454545,0.6388888888888888,0.08399999999999996,0.020000000000000018,0.028,0.027,0.522,5609,0.95,0.37333333333333335,0.0,0.0,0.522
100,0,ninco,25600,25856,256,0.125,0.5999999642372131,177,44,0.9661016949152542,0.45454545454545453,0.7633928571428571,0.625,0.07799999999999996,0.02400000000000002,0.027,0.026,0.521,5614,0.9566666666666667,0.39,0.0,0.0,0.521
101,0,ninco,25856,26112,256,0.109375,0.5999999642372131,174,45,0.9770114942528736,0.4444444444444444,0.7456140350877193,0.7142857142857143,0.09699999999999998,0.02400000000000002,0.024,0.023,0.524,5631,0.9766666666666667,0.4066666666666667,0.0,0.0,0.524
102,0,ninco,26112,26368,256,0.12890625,0.5999999642372131,167,58,0.9640718562874252,0.39655172413793105,0.7219730941704036,0.696969696969697,0.06999999999999995,0.015000000000000013,0.025,0.024,0.526,5645,0.9666666666666667,0.42333333333333334,0.0,0.0,0.526
103,0,ninco,26368,26624,256,0.10546875,0.5999999642372131,183,42,0.9562841530054644,0.38095238095238093,0.7641921397379913,0.5925925925925926,0.09599999999999997,0.025000000000000022,0.025,0.024,0.53,5662,0.9566666666666667,0.4166666666666667,0.0,0.0,0.53
104,0,ninco,26624,26880,256,0.11328125,0.5999999642372131,162,58,0.9691358024691358,0.3275862068965517,0.6916299559471366,0.6551724137931034,0.09299999999999997,0.02400000000000002,0.026,0.024,0.528,5672,0.96,0.4033333333333333,0.0,0.0,0.528
105,0,ninco,26880,27136,256,0.12109375,0.6100000143051147,181,50,0.9281767955801105,0.26,0.7466666666666667,0.41935483870967744,0.09199999999999997,0.02300000000000002,0.025,0.023,0.513,5690,0.9433333333333334,0.37666666666666665,0.0,0.0,0.513
106,0,ninco,27136,27392,256,0.1015625,0.6100000143051147,180,44,0.9777777777777777,0.38636363636363635,0.7652173913043478,0.6538461538461539,0.09499999999999997,0.029000000000000026,0.027,0.025,0.513,5702,0.96,0.36333333333333334,0.0,0.0,0.513
107,0,ninco,27392,27648,256,0.109375,0.6100000143051147,170,48,0.9705882352941176,0.4166666666666667,0.7236842105263158,0.7142857142857143,0.08699999999999997,0.026000000000000023,0.023,0.02,0.515,5714,0.97,0.36,0.0,0.0,0.515
108,0,ninco,27648,27904,256,0.1015625,0.6100000143051147,169,39,0.9704142011834319,0.38461538461538464,0.7130434782608696,0.5769230769230769,0.08599999999999997,0.030000000000000027,0.023,0.02,0.516,5721,0.9733333333333334,0.35333333333333333,0.0,0.0,0.516
109,0,ninco,27904,28160,256,0.1328125,0.6100000143051147,175,60,0.96,0.4166666666666667,0.7567567567567568,0.7352941176470589,0.07499999999999996,0.02300000000000002,0.025,0.023,0.525,5727,0.97,0.36333333333333334,0.0,0.0,0.525
110,0,ninco,28160,28416,256,0.109375,0.6100000143051147,175,48,0.9771428571428571,0.4375,0.75,0.75,0.08299999999999996,0.02400000000000002,0.027,0.025,0.524,5739,0.97,0.37666666666666665,0.0,0.0,0.524
111,0,ninco,28416,28672,256,0.1328125,0.6100000143051147,168,49,0.9642857142857143,0.4897959183673469,0.7297297297297297,0.7058823529411765,0.09599999999999997,0.02100000000000002,0.025,0.024,0.533,5754,0.9733333333333334,0.4166666666666667,0.0,0.0,0.533
112,0,ninco,28672,28928,256,0.17578125,0.6100000143051147,160,58,0.96875,0.4827586206896552,0.7345971563981043,0.6222222222222222,0.09799999999999998,0.02300000000000002,0.024,0.022,0.556,5771,0.9666666666666667,0.44333333333333336,0.0,0.0,0.556
113,0,ninco,28928,29184,256,0.08984375,0.6100000143051147,166,58,0.9819277108433735,0.29310344827586204,0.6995708154506438,0.7391304347826086,0.08999999999999997,0.020000000000000018,0.022,0.02,0.566,5786,0.9766666666666667,0.42,0.0,0.0,0.566
114,0,ninco,29184,29440,256,0.125,0.6100000143051147,168,48,0.9464285714285714,0.3333333333333333,0.7098214285714286,0.5,0.10199999999999998,0.02400000000000002,0.021,0.019,0.547,5808,0.9633333333333334,0.4066666666666667,0.0,0.0,0.547
115,0,ninco,29440,29696,256,0.125,0.6100000143051147,168,57,0.9642857142857143,0.40350877192982454,0.7232142857142857,0.71875,0.09299999999999997,0.02100000000000002,0.02,0.019,0.54,5826,0.95,0.4033333333333333,0.0,0.0,0.54
116,0,ninco,29696,29952,256,0.125,0.5999999642372131,176,54,0.9488636363636364,0.42592592592592593,0.7455357142857143,0.71875,0.10799999999999998,0.017000000000000015,0.022,0.02,0.537,5853,0.96,0.39666666666666667,0.0,0.0,0.537
117,0,ninco,29952,30208,256,0.12890625,0.5999999642372131,168,58,0.9464285714285714,0.39655172413793105,0.7130044843049327,0.696969696969697,0.10999999999999999,0.02100000000000002,0.023,0.021,0.522,5867,0.95,0.38,0.0,0.0,0.522
118,0,ninco,30208,30464,256,0.12890625,0.5999999642372131,177,51,0.9661016949152542,0.45098039215686275,0.7668161434977578,0.696969696969697,0.10099999999999998,0.02100000000000002,0.028,0.026,0.493,5883,0.9566666666666667,0.3933333333333333,0.0,0.0,0.493
119,0,ninco,30464,30720,256,0.109375,0.5999999642372131,159,57,0.9433962264150944,0.2631578947368421,0.6578947368421053,0.5357142857142857,0.09199999999999997,0.027000000000000024,0.025,0.023,0.483,5892,0.9533333333333334,0.39,0.0,0.0,0.483
120,0,ninco,30720,30976,256,0.08984375,0.5999999642372131,194,42,0.9742268041237113,0.38095238095238093,0.8111587982832618,0.6956521739130435,0.119,0.025000000000000022,0.025,0.023,0.499,5916,0.9666666666666667,0.37666666666666665,0.0,0.0,0.499
121,0,ninco,30976,31232,256,0.109375,0.5999999642372131,172,50,0.9767441860465116,0.36,0.7368421052631579,0.6428571428571429,0.09799999999999998,0.02400000000000002,0.03,0.028,0.499,5927,0.98,0.37666666666666665,0.0,0.0,0.499
122,0,ninco,31232,31488,256,0.09765625,0.5999999642372131,175,46,0.9657142857142857,0.34782608695652173,0.7316017316017316,0.64,0.10299999999999998,0.027000000000000024,0.031,0.029,0.492,5941,0.97,0.36666666666666664,0.0,0.0,0.492
123,0,ninco,31488,31744,256,0.109375,0.5999999642372131,182,41,0.9560439560439561,0.4146341463414634,0.7631578947368421,0.6071428571428571,0.09399999999999997,0.019000000000000017,0.027,0.026,0.493,5957,0.96,0.37333333333333335,0.0,0.0,0.493
124,0,ninco,31744,32000,256,0.10546875,0.6100000143051147,164,56,0.9451219512195121,0.25,0.6768558951965066,0.5185185185185185,0.08299999999999996,0.025000000000000022,0.03,0.028,0.509,5966,0.9466666666666667,0.3233333333333333,0.0,0.0,0.509
125,0,ninco,32000,32256,256,0.10546875,0.6100000143051147,175,54,0.9885714285714285,0.3888888888888889,0.7554585152838428,0.7777777777777778,0.10599999999999998,0.026000000000000023,0.026,0.024,0.499,5985,0.9666666666666667,0.35,0.0,0.0,0.499
126,0,ninco,32256,32512,256,0.15234375,0.6100000143051147,159,61,0.9622641509433962,0.4262295081967213,0.7050691244239631,0.6666666666666666,0.11699999999999999,0.029000000000000026,0.026,0.024,0.501,6006,0.9733333333333334,0.36,0.0,0.0,0.501
127,0,ninco,32512,32768,256,0.12109375,0.6100000143051147,178,46,0.949438202247191,0.41304347826086957,0.7511111111111111,0.6129032258064516,0.127,0.026000000000000023,0.02,0.019,0.487,6025,0.95,0.37666666666666665,0.0,0.0,0.487
128,0,ninco,32768,33024,256,0.1015625,0.6100000143051147,180,51,0.9666666666666667,0.37254901960784315,0.7565217391304347,0.7307692307692307,0.08999999999999997,0.028000000000000025,0.02,0.019,0.497,6034,0.96,0.37666666666666665,0.0,0.0,0.497
129,0,ninco,33024,33280,256,0.09765625,0.6100000143051147,184,40,0.9456521739130435,0.35,0.7532467532467533,0.56,0.10199999999999998,0.02200000000000002,0.017,0.015,0.497,6048,0.9566666666666667,0.37,0.0,0.0,0.497
130,0,ninco,33280,33536,256,0.11328125,0.6100000143051147,177,49,0.9491525423728814,0.30612244897959184,0.7400881057268722,0.5172413793103449,0.06899999999999995,0.026000000000000023,0.017,0.016,0.485,6058,0.9433333333333334,0.37666666666666665,0.0,0.0,0.485
131,0,ninco,33536,33792,256,0.09375,0.6100000143051147,172,52,0.9767441860465116,0.36538461538461536,0.7241379310344828,0.7916666666666666,0.10499999999999998,0.025000000000000022,0.015,0.015,0.489,6067,0.9666666666666667,0.37333333333333335,0.0,0.0,0.489
132,0,ninco,33792,34048,256,0.0703125,0.6100000143051147,194,38,0.9742268041237113,0.34210526315789475,0.7941176470588235,0.7222222222222222,0.08899999999999997,0.02100000000000002,0.016,0.016,0.484,6074,0.9733333333333334,0.3566666666666667,0.0,0.0,0.484
133,0,ninco,34048,34304,256,0.125,0.6100000143051147,161,59,0.9813664596273292,0.4067796610169492,0.7053571428571429,0.75,0.06399999999999995,0.020000000000000018,0.016,0.016,0.489,6080,0.9766666666666667,0.3566666666666667,0.0,0.0,0.489
134,0,ninco,34304,34560,256,0.1171875,0.6100000143051147,184,36,0.9565217391304348,0.4444444444444444,0.7787610619469026,0.5333333333333333,0.09999999999999998,0.019000000000000017,0.021,0.018,0.511,6086,0.9633333333333334,0.36,0.0,0.0,0.511
135,0,ninco,34560,34816,256,0.12890625,0.6100000143051147,163,62,0.9631901840490797,0.4032258064516129,0.7040358744394619,0.7575757575757576,0.062000000000000055,0.019000000000000017,0.022,0.019,0.507,6092,0.9566666666666667,0.38,0.0,0.0,0.507
136,0,ninco,34816,35072,256,0.12890625,0.6100000143051147,185,39,0.9567567567567568,0.48717948717948717,0.7937219730941704,0.5757575757575758,0.09699999999999998,0.02300000000000002,0.021,0.018,0.517,6104,0.96,0.4033333333333333,0.0,0.0,0.517
137,0,ninco,35072,35328,256,0.109375,0.6100000143051147,174,48,0.9425287356321839,0.2708333333333333,0.7192982456140351,0.4642857142857143,0.062000000000000055,0.02300000000000002,0.023,0.02,0.525,6112,0.95,0.39,0.0,0.0,0.525
138,0,ninco,35328,35584,256,0.09375,0.6100000143051147,183,39,0.9453551912568307,0.3076923076923077,0.7456896551724138,0.5,0.07199999999999995,0.020000000000000018,0.022,0.019,0.519,6119,0.9466666666666667,0.39,0.0,0.0,0.519
139,0,ninco,35584,35840,256,0.1328125,0.6100000143051147,186,42,0.9408602150537635,0.42857142857142855,0.7882882882882883,0.5294117647058824,0.04700000000000004,0.013000000000000012,0.022,0.019,0.526,6127,0.9466666666666667,0.38333333333333336,0.0,0.0,0.526
140,0,ninco,35840,36096,256,0.15625,0.6100000143051147,181,47,0.9281767955801105,0.5531914893617021,0.7777777777777778,0.65,0.062000000000000055,0.015000000000000013,0.018,0.015,0.53,6134,0.9333333333333333,0.4166666666666667,0.0,0.0,0.53
141,0,ninco,36096,36352,256,0.109375,0.6100000143051147,183,43,0.9562841530054644,0.4186046511627907,0.7675438596491229,0.6428571428571429,0.09199999999999997,0.02200000000000002,0.016,0.015,0.548,6145,0.94,0.4166666666666667,0.0,0.0,0.548
142,0,ninco,36352,36608,256,0.140625,0.6100000143051147,178,52,0.9606741573033708,0.5,0.7772727272727272,0.7222222222222222,0.07399999999999995,0.02100000000000002,0.017,0.015,0.559,6156,0.9566666666666667,0.41333333333333333,0.0,0.0,0.559
143,0,ninco,36608,36864,256,0.125,0.6100000143051147,186,42,0.9301075268817204,0.30952380952380953,0.7723214285714286,0.40625,0.07499999999999996,0.02300000000000002,0.017,0.015,0.552,6168,0.95,0.4,0.0,0.0,0.552
144,0,ninco,36864,37120,256,0.09765625,0.6100000143051147,179,49,0.9832402234636871,0.3877551020408163,0.7619047619047619,0.76,0.08199999999999996,0.017000000000000015,0.017,0.015,0.546,6184,0.95,0.42333333333333334,0.0,0.0,0.546
145,0,ninco,37120,37376,256,0.11328125,0.6100000143051147,189,38,0.9682539682539683,0.5,0.8061674008810573,0.6551724137931034,0.09199999999999997,0.019000000000000017,0.017,0.015,0.56,6199,0.9766666666666667,0.45,0.0,0.0,0.56
146,0,ninco,37376,37632,256,0.15234375,0.6100000143051147,171,53,0.9532163742690059,0.49056603773584906,0.7511520737327189,0.6666666666666666,0.06499999999999995,0.017000000000000015,0.02,0.018,0.57,6207,0.96,0.44666666666666666,0.0,0.0,0.57
147,0,ninco,37632,37888,256,0.07421875,0.6100000143051147,189,40,0.9629629629629629,0.25,0.7679324894514767,0.5263157894736842,0.09999999999999998,0.02400000000000002,0.021,0.019,0.549,6218,0.96,0.4066666666666667,0.0,0.0,0.549
148,0,ninco,37888,38144,256,0.12109375,0.6100000143051147,172,49,0.9476744186046512,0.3877551020408163,0.7244444444444444,0.6129032258064516,0.07099999999999995,0.030000000000000027,0.022,0.02,0.537,6227,0.9566666666666667,0.3933333333333333,0.0,0.0,0.537
149,0,ninco,38144,38400,256,0.09375,0.6100000143051147,194,38,0.979381443298969,0.3157894736842105,0.8189655172413793,0.5,0.08499999999999996,0.02100000000000002,0.025,0.023,0.526,6235,0.9733333333333334,0.38,0.0,0.0,0.526
150,0,ninco,38400,38656,256,0.09375,0.6100000143051147,181,42,0.9779005524861878,0.35714285714285715,0.7629310344827587,0.625,0.07099999999999995,0.026000000000000023,0.026,0.023,0.523,6239,0.9766666666666667,0.39,0.0,0.0,0.523
151,0,ninco,38656,38912,256,0.13671875,0.6100000143051147,175,49,0.9714285714285714,0.5306122448979592,0.7692307692307693,0.7428571428571429,0.08899999999999997,0.02300000000000002,0.028,0.025,0.531,6250,0.9733333333333334,0.41,0.0,0.0,0.531
152,0,ninco,38912,39168,256,0.1171875,0.6100000143051147,193,36,0.9378238341968912,0.4166666666666667,0.8008849557522124,0.5,0.08499999999999996,0.03400000000000003,0.025,0.022,0.548,6258,0.9466666666666667,0.39666666666666667,0.0,0.0,0.548
153,0,ninco,39168,39424,256,0.125,0.6100000143051147,182,48,0.9725274725274725,0.5416666666666666,0.7901785714285714,0.8125,0.07399999999999995,0.02100000000000002,0.024,0.021,0.54,6266,0.9666666666666667,0.4066666666666667,0.0,0.0,0.54
154,0,ninco,39424,39680,256,0.09765625,0.6100000143051147,186,45,0.9731182795698925,0.35555555555555557,0.7835497835497836,0.64,0.06999999999999995,0.020000000000000018,0.026,0.023,0.542,6269,0.9666666666666667,0.42,0.0,0.0,0.542
155,0,ninco,39680,39936,256,0.15625,0.6100000143051147,177,55,0.9209039548022598,0.38181818181818183,0.7546296296296297,0.525,0.06699999999999995,0.027000000000000024,0.027,0.024,0.541,6275,0.9366666666666666,0.42,0.0,0.0,0.541
156,0,ninco,39936,40192,256,0.1015625,0.6100000143051147,178,48,0.9662921348314607,0.3333333333333333,0.7478260869565218,0.6153846153846154,0.08499999999999996,0.019000000000000017,0.023,0.02,0.547,6282,0.9466666666666667,0.43333333333333335,0.0,0.0,0.547
157,0,ninco,40192,40448,256,0.140625,0.6100000143051147,180,46,0.9666666666666667,0.5434782608695652,0.7909090909090909,0.6944444444444444,0.08599999999999997,0.02400000000000002,0.024,0.021,0.551,6289,0.97,0.44666666666666666,0.0,0.0,0.551
158,0,ninco,40448,40704,256,0.09765625,0.6100000143051147,188,44,0.9680851063829787,0.36363636363636365,0.7878787878787878,0.64,0.07699999999999996,0.017000000000000015,0.024,0.021,0.551,6292,0.9666666666666667,0.41333333333333333,0.0,0.0,0.551
159,0,ninco,40704,40960,256,0.12109375,0.6100000143051147,177,48,0.9774011299435028,0.4375,0.7688888888888888,0.6774193548387096,0.07399999999999995,0.02200000000000002,0.024,0.022,0.538,6296,0.9766666666666667,0.4066666666666667,0.0,0.0,0.538
160,0,ninco,40960,41216,256,0.12109375,0.6100000143051147,167,62,0.9760479041916168,0.3709677419354839,0.7244444444444444,0.7419354838709677,0.06899999999999995,0.02100000000000002,0.025,0.023,0.536,6302,0.9733333333333334,0.4,0.0,0.0,0.536
161,0,ninco,41216,41472,256,0.109375,0.6100000143051147,184,42,0.9456521739130435,0.30952380952380953,0.7631578947368421,0.4642857142857143,0.09699999999999998,0.02200000000000002,0.019,0.017,0.527,6312,0.9566666666666667,0.3933333333333333,0.0,0.0,0.527
162,0,ninco,41472,41728,256,0.12109375,0.6100000143051147,157,57,0.9745222929936306,0.42105263157894735,0.68,0.7741935483870968,0.06599999999999995,0.020000000000000018,0.022,0.02,0.522,6315,0.9666666666666667,0.4066666666666667,0.0,0.0,0.522
163,0,ninco,41728,41984,256,0.08984375,0.6100000143051147,179,50,0.9832402234636871,0.28,0.7553648068669528,0.6086956521739131,0.10699999999999998,0.03300000000000003,0.026,0.023,0.538,6323,0.98,0.37,0.0,0.0,0.538
164,0,ninco,41984,42240,256,0.14453125,0.6100000143051147,173,53,0.976878612716763,0.4716981132075472,0.771689497716895,0.6756756756756757,0.09399999999999997,0.019000000000000017,0.025,0.021,0.523,6332,0.9766666666666667,0.38333333333333336,0.0,0.0,0.523
165,0,ninco,42240,42496,256,0.1015625,0.6100000143051147,185,51,0.9837837837837838,0.4117647058823529,0.7913043478260869,0.8076923076923077,0.10299999999999998,0.02200000000000002,0.023,0.021,0.518,6348,0.98,0.38333333333333336,0.0,0.0,0.518
166,0,ninco,42496,42752,256,0.109375,0.6100000143051147,177,46,0.9548022598870056,0.391304347826087,0.7412280701754386,0.6428571428571429,0.08599999999999997,0.02200000000000002,0.024,0.023,0.521,6357,0.9666666666666667,0.38333333333333336,0.0,0.0,0.521
167,0,ninco,42752,43008,256,0.08203125,0.6100000143051147,172,48,0.9825581395348837,0.3541666666666667,0.7191489361702128,0.8095238095238095,0.08499999999999996,0.02100000000000002,0.022,0.021,0.52,6369,0.97,0.38666666666666666,0.0,0.0,0.52
168,0,ninco,43008,43264,256,0.1328125,0.6100000143051147,182,47,0.9615384615384616,0.5106382978723404,0.7882882882882883,0.7058823529411765,0.09799999999999998,0.026000000000000023,0.02,0.017,0.513,6377,0.9666666666666667,0.4033333333333333,0.0,0.0,0.513
169,0,ninco,43264,43520,256,0.1015625,0.6100000143051147,170,53,0.9941176470588236,0.4339622641509434,0.7347826086956522,0.8846153846153846,0.09099999999999997,0.025000000000000022,0.018,0.014,0.508,6385,0.9833333333333333,0.4266666666666667,0.0,0.0,0.508
170,0,ninco,43520,43776,256,0.109375,0.6100000143051147,172,49,0.9825581395348837,0.3877551020408163,0.7412280701754386,0.6785714285714286,0.10499999999999998,0.026000000000000023,0.018,0.016,0.524,6400,0.9866666666666667,0.4166666666666667,0.0,0.0,0.524
171,0,ninco,43776,44032,256,0.1171875,0.6100000143051147,180,44,0.95,0.38636363636363635,0.7566371681415929,0.5666666666666667,0.08199999999999996,0.018000000000000016,0.022,0.018,0.533,6408,0.9633333333333334,0.4066666666666667,0.0,0.0,0.533
172,0,ninco,44032,44288,256,0.12890625,0.6100000143051147,175,51,0.9657142857142857,0.45098039215686275,0.757847533632287,0.696969696969697,0.06899999999999995,0.019000000000000017,0.023,0.019,0.532,6415,0.9566666666666667,0.41333333333333333,0.0,0.0,0.532
173,0,ninco,44288,44544,256,0.08203125,0.6100000143051147,177,47,0.96045197740113,0.2127659574468085,0.723404255319149,0.47619047619047616,0.09999999999999998,0.030000000000000027,0.019,0.015,0.533,6425,0.9566666666666667,0.4,0.0,0.0,0.533
174,0,ninco,44544,44800,256,0.12109375,0.6100000143051147,173,45,0.9826589595375722,0.4888888888888889,0.7555555555555555,0.7096774193548387,0.08499999999999996,0.02300000000000002,0.021,0.02,0.534,6433,0.9766666666666667,0.4,0.0,0.0,0.534
175,0,ninco,44800,45056,256,0.1015625,0.6100000143051147,178,44,0.949438202247191,0.3409090909090909,0.7347826086956522,0.5769230769230769,0.09299999999999997,0.025000000000000022,0.021,0.02,0.529,6443,0.97,0.38666666666666666,0.0,0.0,0.529
176,0,ninco,45056,45312,256,0.125,0.6100000143051147,165,55,0.9757575757575757,0.4,0.71875,0.6875,0.06599999999999995,0.016000000000000014,0.023,0.022,0.528,6446,0.9633333333333334,0.37666666666666665,0.0,0.0,0.528
177,0,ninco,45312,45568,256,0.109375,0.6100000143051147,169,58,0.9763313609467456,0.39655172413793105,0.7236842105263158,0.8214285714285714,0.09899999999999998,0.02100000000000002,0.025,0.023,0.529,6453,0.9766666666666667,0.38333333333333336,0.0,0.0,0.529
178,0,ninco,45568,45824,256,0.125,0.6100000143051147,171,52,0.9590643274853801,0.4423076923076923,0.7321428571428571,0.71875,0.08799999999999997,0.025000000000000022,0.03,0.027,0.542,6462,0.97,0.38,0.0,0.0,0.542
179,0,ninco,45824,46080,256,0.11328125,0.6100000143051147,178,53,0.9550561797752809,0.3584905660377358,0.748898678414097,0.6551724137931034,0.08499999999999996,0.02300000000000002,0.029,0.026,0.541,6477,0.9566666666666667,0.4,0.0,0.0,0.541
180,0,ninco,46080,46336,256,0.0859375,0.6100000143051147,171,46,0.9532163742690059,0.21739130434782608,0.6965811965811965,0.45454545454545453,0.10699999999999998,0.02200000000000002,0.03,0.026,0.552,6485,0.9566666666666667,0.3566666666666667,0.0,0.0,0.552
181,0,ninco,46336,46592,256,0.078125,0.6100000143051147,173,60,0.9710982658959537,0.21666666666666667,0.711864406779661,0.65,0.08699999999999997,0.02200000000000002,0.024,0.021,0.546,6493,0.9633333333333334,0.34,0.0,0.0,0.546
182,0,ninco,46592,46848,256,0.1328125,0.6100000143051147,169,54,0.9585798816568047,0.4444444444444444,0.7297297297297297,0.7058823529411765,0.09699999999999998,0.016000000000000014,0.026,0.022,0.54,6504,0.9633333333333334,0.3433333333333333,0.0,0.0,0.54
183,0,ninco,46848,47104,256,0.1015625,0.6100000143051147,174,56,0.9827586206896551,0.3392857142857143,0.7434782608695653,0.7307692307692307,0.10399999999999998,0.02400000000000002,0.023,0.019,0.524,6522,0.9766666666666667,0.3233333333333333,0.0,0.0,0.524
184,0,ninco,47104,47360,256,0.1015625,0.6100000143051147,172,52,0.9825581395348837,0.4230769230769231,0.7347826086956522,0.8461538461538461,0.08999999999999997,0.027000000000000024,0.024,0.021,0.499,6529,0.9866666666666667,0.3333333333333333,0.0,0.0,0.499
185,0,ninco,47360,47616,256,0.1328125,0.6100000143051147,165,54,0.9515151515151515,0.4074074074074074,0.7072072072072072,0.6470588235294118,0.10499999999999998,0.02200000000000002,0.025,0.022,0.511,6536,0.9666666666666667,0.3566666666666667,0.0,0.0,0.511
186,0,ninco,47616,47872,256,0.08984375,0.6100000143051147,182,44,0.967032967032967,0.38636363636363635,0.7553648068669528,0.7391304347826086,0.10199999999999998,0.026000000000000023,0.022,0.02,0.52,6554,0.9566666666666667,0.38,0.0,0.0,0.52
187,0,ninco,47872,48128,256,0.1015625,0.6100000143051147,174,53,0.9597701149425287,0.33962264150943394,0.7260869565217392,0.6923076923076923,0.08499999999999996,0.031000000000000028,0.02,0.018,0.521,6561,0.9666666666666667,0.38666666666666666,0.0,0.0,0.521
188,0,ninco,48128,48384,256,0.12109375,0.6100000143051147,174,49,0.9425287356321839,0.32653061224489793,0.7288888888888889,0.5161290322580645,0.09999999999999998,0.026000000000000023,0.019,0.017,0.516,6571,0.9466666666666667,0.37333333333333335,0.0,0.0,0.516
189,0,ninco,48384,48640,256,0.1015625,0.6100000143051147,174,49,0.9540229885057471,0.32653061224489793,0.7217391304347827,0.6153846153846154,0.08999999999999997,0.027000000000000024,0.019,0.017,0.515,6582,0.9466666666666667,0.36666666666666664,0.0,0.0,0.515
190,0,ninco,48640,48896,256,0.08203125,0.6100000143051147,181,50,0.9834254143646409,0.3,0.7574468085106383,0.7142857142857143,0.07999999999999996,0.02200000000000002,0.019,0.017,0.522,6591,0.9733333333333334,0.3466666666666667,0.0,0.0,0.522
191,0,ninco,48896,49152,256,0.125,0.6100000143051147,177,53,0.9491525423728814,0.37735849056603776,0.75,0.625,0.10399999999999998,0.02300000000000002,0.026,0.023,0.513,6605,0.9633333333333334,0.34,0.0,0.0,0.513
192,0,ninco,49152,49408,256,0.109375,0.6100000143051147,185,49,0.9513513513513514,0.32653061224489793,0.7719298245614035,0.5714285714285714,0.10499999999999998,0.026000000000000023,0.024,0.021,0.515,6613,0.95,0.3333333333333333,0.0,0.0,0.515
193,0,ninco,49408,49664,256,0.1171875,0.6100000143051147,179,51,0.9441340782122905,0.3137254901960784,0.7477876106194691,0.5333333333333333,0.09299999999999997,0.028000000000000025,0.022,0.019,0.52,6626,0.9533333333333334,0.33,0.0,0.0,0.52
194,0,ninco,49664,49920,256,0.1015625,0.6100000143051147,176,49,0.9715909090909091,0.3877551020408163,0.7434782608695653,0.7307692307692307,0.09299999999999997,0.027000000000000024,0.025,0.022,0.519,6641,0.9566666666666667,0.33666666666666667,0.0,0.0,0.519
195,0,ninco,49920,50176,256,0.14453125,0.6100000143051147,184,45,0.9402173913043478,0.4222222222222222,0.7899543378995434,0.5135135135135135,0.09599999999999997,0.018000000000000016,0.024,0.021,0.531,6655,0.95,0.35333333333333333,0.0,0.0,0.531
196,0,ninco,50176,50432,256,0.078125,0.6100000143051147,185,43,0.9837837837837838,0.32558139534883723,0.7711864406779662,0.7,0.08499999999999996,0.02100000000000002,0.022,0.019,0.528,6663,0.96,0.3566666666666667,0.0,0.0,0.528
197,0,ninco,50432,50688,256,0.09765625,0.6100000143051147,176,45,0.9715909090909091,0.4,0.7402597402597403,0.72,0.07999999999999996,0.028000000000000025,0.021,0.018,0.537,6671,0.9766666666666667,0.36666666666666664,0.0,0.0,0.537
198,0,ninco,50688,50879,191,0.12041884816753927,0.6100000143051147,132,32,0.9545454545454546,0.40625,0.75,0.5652173913043478,0.07899999999999996,0.02400000000000002,0.022,0.02,0.537,6675,0.9633333333333334,0.36666666666666664,0.0,0.0,0.537
