method,config,protocol,key,group,n_seeds,fpr95,fpr95_std,auroc,auroc_std,aupr_in,aupr_in_std,aupr_out,aupr_out_std,fpr95_idpos,fpr95_idpos_std,acc,acc_std
adaneg,fp16,four_ood,inaturalist,four,3,0.59,0.07271863585079133,99.71031239999998,0.010224003546887454,99.93170176279078,0.002177460208130462,99.06937815901722,0.04347056462166425,0.9033333333333333,0.02867441755680883,65.11333333333333,0.05865909041988821
adaneg,fp16,four_ood,sun,four,3,9.838666666666667,0.33033451059326074,97.3758919,0.07863358272066334,99.36990643589957,0.015829518690051426,90.5909513802743,0.32194299453961106,9.916666666666666,0.5200213670823749,65.28066666666666,0.023170862929309505
adaneg,fp16,four_ood,places,four,3,33.626,0.4662731674315671,94.20754046666666,0.040399247557047914,98.53139486226405,0.010133281699376767,82.95183786312724,0.197499877118057,22.02333333333333,0.24239545283597208,65.28266666666666,0.035863940416834376
adaneg,fp16,four_ood,textures_all,four,3,25.326000000000004,0.5866674242419356,95.71413735224586,0.09599171819369894,99.41211677292125,0.010012802132145643,81.0215762099039,0.720832160023841,17.760047281323875,0.6310883449626572,65.20533333333333,0.05987394165151259
adaneg,fp16,four_ood,mean:four,four,3,17.345166666666668,0.15067864996593033,96.75197052972813,0.013529620247595004,99.31127995846892,0.0032509221917217776,88.40843590308066,0.08057981795257242,12.650845153664301,0.2348080719334749,65.2205,0.019954114028603566
adaneg,fp32,four_ood,inaturalist,four,3,0.6106666666666666,0.06882506003549069,99.70852500000001,0.008979245713310005,99.93146185011265,0.0019486911165661487,99.05704769014476,0.03834447048834918,0.91,0.024494897427831803,65.278,0.09814275317108165
adaneg,fp32,four_ood,sun,four,3,10.204,0.3351457394428078,97.30826936666666,0.07304797464339491,99.35252843431446,0.01576374707837616,90.40601860526289,0.2734335820076292,10.353333333333333,0.3885299931222241,65.45933333333333,0.0578811041897255
adaneg,fp32,four_ood,places,four,3,33.29466666666667,0.251567530142947,94.19348256666667,0.054190177265651944,98.52917042432495,0.013281143403960182,82.85360444198413,0.24141100244858457,22.123333333333335,0.23228335186912397,65.44933333333333,0.07689531122824182
adaneg,fp32,four_ood,textures_all,four,3,26.111333333333334,1.4417917864780465,95.53244237588653,0.14614271872333962,99.38700284230414,0.018326637833190614,80.17121607457332,0.7570882411769946,18.46335697399527,0.6669327805813492,65.342,0.057154760664939394
adaneg,fp32,four_ood,mean:four,four,3,17.55516666666667,0.3668917490971345,96.68567982730497,0.02639316012917535,99.30004088776404,0.004628971217566561,88.12197170299127,0.0954731157165137,12.962505910165484,0.17027719755037937,65.38216666666666,0.04863183685154662
adaneg,fp16,near_50k,ssb_hard,near,3,74.32666666666667,0.015691469727912372,74.96416333333333,0.039243468704507,75.28848508672927,0.04004535590798836,73.37518873597196,0.07086562429229211,78.40476190476188,0.3208534248916538,65.504,0.0485249076935397
adaneg,fp16,near_50k,ninco,near,3,60.776666666666664,0.7417570731415734,78.46362879174463,0.25730141402325113,96.79495107301345,0.0381018075220953,36.90014604434679,0.6882458696349014,69.75109145546294,0.2023764619558318,64.91933333333333,0.10537973661425042
adaneg,fp16,near_50k,mean:near,near,3,67.55166666666666,0.3699786780643235,76.71389606253898,0.14649212437418127,86.04171807987136,0.036452037767606645,55.13766739015938,0.3785107040576954,74.07792668011241,0.1258491389075672,65.21166666666667,0.028522895287044096
adaneg,fp32,near_50k,ssb_hard,near,3,73.78266666666667,0.030346151137969284,75.75217036734695,0.008563810328093318,75.79266921915911,0.03181984636075373,74.19764327466999,0.07976171746857652,77.1843537414966,0.47873663317209414,65.664,0.062032249677083505
adaneg,fp32,near_50k,ninco,near,3,59.388000000000005,0.0854166260162504,78.86828190735385,0.17453151597298225,96.86324565485359,0.024744540890304177,36.99540286875567,0.6252780627786945,69.34285876282814,0.21260229357886495,65.15133333333334,0.09377040518676054
adaneg,fp32,near_50k,mean:near,near,3,66.58533333333334,0.0342669260690582,77.3102261373504,0.091534806083527,86.32795743700633,0.003894681419939622,55.596523071712824,0.34713557575918663,73.26360625216238,0.2988116418035818,65.40766666666666,0.024635114955872325
adaneg,fp16,openood_v15,ssb_hard,near,3,74.37629629629629,0.043785234684833266,74.88347674981104,0.14405974645588168,73.38722154804468,0.1145402082833645,75.17477777667189,0.19704658144789905,78.99319727891155,0.4098513843447341,65.39703703703702,0.0037770514915517303
adaneg,fp16,openood_v15,ninco,near,3,60.20222222222222,0.7401189983288113,78.38914749925975,0.18802143771672347,96.44756289115013,0.03187519898741433,39.12873798603991,0.16384376199471623,69.45058683449567,0.10015037553243977,65.06592592592592,0.07464226526613406
adaneg,fp16,openood_v15,inaturalist,far,3,0.5437037037037037,0.06557961475227068,99.7292381111111,0.01539925130562932,99.9296240186625,0.0036439281050922156,99.17883374078673,0.049586545591478584,0.9,0.10033277962194942,64.84592592592593,0.13167278727244233
adaneg,fp16,openood_v15,textures,far,3,17.833333333333332,1.1139652232087487,96.6523807062877,0.16289697266853637,99.55222171469671,0.02154665511713194,83.81314782155219,0.7089417612696686,14.638242894056846,0.5059422286615312,64.88814814814815,0.09058262868799452
adaneg,fp16,openood_v15,openimage_o,far,3,31.14148148148148,0.13608679551010366,93.50545097242936,0.04316117593754812,97.40565873267161,0.015682767280528077,86.65820943446685,0.1339001235622422,31.554183208351713,0.3164351433989124,65.22962962962963,0.07992451857477915
adaneg,fp16,openood_v15,mean:near,near,3,67.28925925925925,0.36557337942962403,76.6363121245354,0.161769898044503,84.9173922195974,0.07228100274775787,57.1517578813559,0.16648276622012015,74.22189205670361,0.19546692629499704,65.23148148148148,0.03812836596038618
adaneg,fp16,openood_v15,mean:far,far,3,16.506172839506174,0.42710639777349574,96.62902326327605,0.06296460671275947,98.96250148867693,0.010285707424139536,89.88339699893527,0.26538865350336177,15.697475367469517,0.23533735976945322,64.9879012345679,0.04726960424463593
adaneg,fp32,openood_v15,ssb_hard,near,3,73.74518518518518,0.1368226551323871,75.69485758881329,0.16064941365471394,73.92256965853123,0.1362060329120109,76.01502770927577,0.19205281888361742,77.26122448979594,0.38476830330774836,65.53481481481481,0.07335203652253257
adaneg,fp32,openood_v15,ninco,near,3,59.355555555555554,0.011898058077190181,78.84683418066817,0.10284896672997389,96.52748758501464,0.016800082987564986,39.510592558210504,0.1380411922408521,69.00266485229913,0.16685308124468473,65.16814814814815,0.055223700206272146
adaneg,fp32,openood_v15,inaturalist,far,3,0.56,0.07498696731759265,99.72437718518518,0.016532710129962106,99.92830908080806,0.0038465159402585073,99.16239338251803,0.05371313957692552,0.9133333333333334,0.09285592184789412,64.9511111111111,0.11072525594699138
adaneg,fp32,openood_v15,textures,far,3,18.532592592592593,0.620551548999522,96.50733031869079,0.09914712270035388,99.53121777560743,0.011073701198966932,83.23463775241952,0.5812468334923515,15.22609819121447,0.6129125978361972,65.0688888888889,0.10389928646720836
adaneg,fp32,openood_v15,openimage_o,far,3,30.459999999999997,0.13671032124223895,93.54695079855203,0.026465001529363215,97.4222117956782,0.010727057715947298,86.72305723729454,0.09313919338767564,31.33572793916861,0.28225390437945236,65.36222222222221,0.07827355218203376
adaneg,fp32,openood_v15,mean:near,near,3,66.55037037037037,0.07348655896436121,77.27084588474074,0.11949488891479337,85.22502862177292,0.07354277895679208,57.76281013374313,0.15751541538399325,73.13194467104753,0.27195306555831694,65.35148148148149,0.011840272120853763
adaneg,fp32,openood_v15,mean:far,far,3,16.517530864197536,0.19664523687233204,96.59288610080932,0.03495861595379326,98.9605795506979,0.004022102356369066,89.70669612407737,0.21355264285235862,15.825053154572137,0.20695318603911697,65.12740740740742,0.04800548665487396
neglabel,g100/fp16,four_ood,inaturalist,four,1,1.238,0.0,99.5202651,0.0,99.89070693193172,0.0,98.36606114658096,0.0,1.81,0.0,66.824,0.0
neglabel,g100/fp16,four_ood,sun,four,1,21.398,0.0,95.44531050000002,0.0,98.95651554045092,0.0,81.81875378412917,0.0,20.169999999999998,0.0,66.824,0.0
neglabel,g100/fp16,four_ood,places,four,1,38.6,0.0,92.1284078,0.0,98.08391090609926,0.0,74.13308929317098,0.0,32.800000000000004,0.0,66.824,0.0
neglabel,g100/fp16,four_ood,textures_all,four,1,38.6,0.0,91.11750797872341,0.0,98.82737318697284,0.0,60.01500195491192,0.0,42.216312056737586,0.0,66.824,0.0
neglabel,g100/fp16,four_ood,mean:four,four,1,24.959,0.0,94.55287284468086,0.0,98.93962664136369,0.0,78.58322654469826,0.0,24.2490780141844,0.0,66.824,0.0
mcm,paper_T1,four_ood,inaturalist,four,1,24.2,0.0,93.82129559999998,0.0,98.67003612619844,0.0,73.28571289092896,0.0,34.38,0.0,66.396,0.0
mcm,paper_T1,four_ood,sun,four,1,29.582000000000004,0.0,92.49194279999999,0.0,98.27060535595132,0.0,71.09705866546744,0.0,38.48,0.0,66.396,0.0
mcm,paper_T1,four_ood,places,four,1,46.732,0.0,89.0308852,0.0,97.28425695851487,0.0,63.875662530170985,0.0,47.910000000000004,0.0,66.396,0.0
mcm,paper_T1,four_ood,textures_all,four,1,50.2,0.0,86.17436418439716,0.0,98.07596785417365,0.0,45.183886527071365,0.0,58.65248226950355,0.0,66.396,0.0
mcm,paper_T1,four_ood,mean:four,four,1,37.6785,0.0,90.37962194609929,0.0,98.07521657370957,0.0,63.360580153409686,0.0,44.85562056737589,0.0,66.396,0.0
mcm,openood_aps_tau3.0,four_ood,inaturalist,four,1,25.35,0.0,93.7593862,0.0,98.63874042218865,0.0,73.8420084991608,0.0,33.29,0.0,66.396,0.0
mcm,openood_aps_tau3.0,four_ood,sun,four,1,32.397999999999996,0.0,91.66337020000002,0.0,98.01357786971886,0.0,68.98591299818708,0.0,41.15,0.0,66.396,0.0
mcm,openood_aps_tau3.0,four_ood,places,four,1,48.506,0.0,88.3288561,0.0,97.07411961297915,0.0,62.329620823962294,0.0,50.01,0.0,66.396,0.0
mcm,openood_aps_tau3.0,four_ood,textures_all,four,1,52.946000000000005,0.0,85.94052127659575,0.0,97.9822776339148,0.0,45.037010270458225,0.0,58.19148936170213,0.0,66.396,0.0
mcm,openood_aps_tau3.0,four_ood,mean:four,four,1,39.8,0.0,89.92303344414894,0.0,97.92717888470037,0.0,62.5486381479421,0.0,45.66037234042553,0.0,66.396,0.0
neglabel,g100/fp16,near_50k,ssb_hard,near,1,77.616,0.0,72.77687824489794,0.0,73.53196243330797,0.0,70.60637709269065,0.0,82.62448979591836,0.0,66.824,0.0
neglabel,g100/fp16,near_50k,ninco,near,1,60.940000000000005,0.0,77.91717162782786,0.0,96.71187543461492,0.0,39.26560806622891,0.0,68.66814084027895,0.0,66.824,0.0
neglabel,g100/fp16,near_50k,mean:near,near,1,69.278,0.0,75.3470249363629,0.0,85.12191893396144,0.0,54.93599257945978,0.0,75.64631531809866,0.0,66.824,0.0
mcm,paper_T1,near_50k,ssb_hard,near,1,84.366,0.0,66.01691571428572,0.0,66.02903323562083,0.0,62.81475924056325,0.0,88.11428571428571,0.0,66.396,0.0
mcm,paper_T1,near_50k,ninco,near,1,69.878,0.0,73.66303776152408,0.0,95.9085430542733,0.0,25.43507713703297,0.0,79.97958836536826,0.0,66.396,0.0
mcm,paper_T1,near_50k,mean:near,near,1,77.122,0.0,69.83997673790489,0.0,80.96878814494707,0.0,44.124918188798105,0.0,84.04693703982699,0.0,66.396,0.0
mcm,openood_aps_tau3.0,near_50k,ssb_hard,near,1,84.20400000000001,0.0,66.67661238775511,0.0,66.56358392850724,0.0,63.665162224681524,0.0,87.14693877551021,0.0,66.396,0.0
mcm,openood_aps_tau3.0,near_50k,ninco,near,1,67.414,0.0,75.76143221636333,0.0,96.29443729501747,0.0,27.257254126570473,0.0,78.38067698588195,0.0,66.396,0.0
mcm,openood_aps_tau3.0,near_50k,mean:near,near,1,75.809,0.0,71.21902230205922,0.0,81.42901061176235,0.0,45.461208175626,0.0,82.76380788069608,0.0,66.396,0.0
neglabel,g100/fp16,openood_v15,ssb_hard,near,1,77.69333333333334,0.0,72.73485916099773,0.0,71.55458961225104,0.0,72.59145806261562,0.0,82.75918367346938,0.0,66.78222222222222,0.0
neglabel,g100/fp16,openood_v15,ninco,near,1,60.977777777777774,0.0,77.87821757290546,0.0,96.36130772289135,0.0,40.94318865695744,0.0,68.78720870896412,0.0,66.78222222222222,0.0
neglabel,g100/fp16,openood_v15,inaturalist,far,1,1.2466666666666666,0.0,99.51713211111112,0.0,99.87802348220399,0.0,98.47101836155674,0.0,1.8399999999999999,0.0,66.78222222222222,0.0
neglabel,g100/fp16,openood_v15,textures,far,1,35.27111111111111,0.0,91.92726098191216,0.0,98.94690633933931,0.0,61.95069472654748,0.0,40.89147286821706,0.0,66.78222222222222,0.0
neglabel,g100/fp16,openood_v15,openimage_o,far,1,34.471111111111114,0.0,93.34217930136325,0.0,97.29169800290391,0.0,86.93701742998527,0.0,29.756128300460016,0.0,66.78222222222222,0.0
neglabel,g100/fp16,openood_v15,mean:near,near,1,69.33555555555556,0.0,75.3065383669516,0.0,83.9579486675712,0.0,56.76732335978653,0.0,75.77319619121675,0.0,66.78222222222222,0.0
neglabel,g100/fp16,openood_v15,mean:far,far,1,23.662962962962965,0.0,94.92885746479551,0.0,98.70554260814907,0.0,82.45291017269649,0.0,24.16253372289236,0.0,66.78222222222222,0.0
mcm,paper_T1,openood_v15,ssb_hard,near,1,84.38,0.0,65.98686371882086,0.0,63.70015553012842,0.0,65.20748814048913,0.0,88.0734693877551,0.0,66.30444444444444,0.0
mcm,paper_T1,openood_v15,ninco,near,1,69.91333333333334,0.0,73.63550868439455,0.0,95.47903221378353,0.0,27.3864947076473,0.0,79.87753019220956,0.0,66.30444444444444,0.0
mcm,paper_T1,openood_v15,inaturalist,far,1,24.25111111111111,0.0,93.82184633333334,0.0,98.53136273096176,0.0,75.25077036548048,0.0,34.22,0.0,66.30444444444444,0.0
mcm,paper_T1,openood_v15,textures,far,1,46.49777777777778,0.0,87.3776048664944,0.0,98.26834466607536,0.0,47.929844163034176,0.0,56.25968992248062,0.0,66.30444444444444,0.0
mcm,paper_T1,openood_v15,openimage_o,far,1,34.077777777777776,0.0,91.31989441328656,0.0,96.70093705132543,0.0,77.48202629607333,0.0,43.95992186023064,0.0,66.30444444444444,0.0
mcm,paper_T1,openood_v15,mean:near,near,1,77.14666666666668,0.0,69.81118620160771,0.0,79.58959387195597,0.0,46.29699142406822,0.0,83.97549978998234,0.0,66.30444444444444,0.0
mcm,paper_T1,openood_v15,mean:far,far,1,34.94222222222222,0.0,90.8397818710381,0.0,97.83354814945419,0.0,66.88754694152932,0.0,44.81320392757042,0.0,66.30444444444444,0.0
mcm,openood_aps_tau3.0,openood_v15,ssb_hard,near,1,84.2088888888889,0.0,66.64364353741496,0.0,64.24771194858397,0.0,66.02169339914117,0.0,87.12448979591836,0.0,66.30444444444444,0.0
mcm,openood_aps_tau3.0,openood_v15,ninco,near,1,67.48666666666666,0.0,75.7328067887585,0.0,95.90354429109283,0.0,29.299607457810474,0.0,78.31263820377615,0.0,66.30444444444444,0.0
mcm,openood_aps_tau3.0,openood_v15,inaturalist,far,1,25.393333333333334,0.0,93.75713800000001,0.0,98.49568192729838,0.0,75.76213978633979,0.0,33.22,0.0,66.30444444444444,0.0
mcm,openood_aps_tau3.0,openood_v15,textures,far,1,48.964444444444446,0.0,87.21504737295434,0.0,98.19806121105458,0.0,47.80620260341294,0.0,55.85271317829458,0.0,66.30444444444444,0.0
mcm,openood_aps_tau3.0,openood_v15,openimage_o,far,1,33.01555555555555,0.0,91.7578344221088,0.0,96.83243337254474,0.0,79.048356274175,0.0,41.388871384460266,0.0,66.30444444444444,0.0
mcm,openood_aps_tau3.0,openood_v15,mean:near,near,1,75.84777777777778,0.0,71.18822516308673,0.0,80.0756281198384,0.0,47.66065042847582,0.0,82.71856399984725,0.0,66.30444444444444,0.0
mcm,openood_aps_tau3.0,openood_v15,mean:far,far,1,35.791111111111114,0.0,90.9100065983544,0.0,97.8420588369659,0.0,67.53889955464258,0.0,43.48719485425161,0.0,66.30444444444444,0.0
