method,config,protocol,group,dataset,seed,order,fpr95,auroc,aupr_in,aupr_out,fpr95_idpos,acc,n_id,n_ood,cold_fpr95,cold_auroc,method_seconds,img_per_s
adaneg,fp16,four_ood,four,inaturalist,0,shuffled,0.514,99.7203181,99.93381050511832,99.1152371333843,0.8699999999999999,65.178,50000,10000,1.0367577756833177,99.69250168919646,11.845,5065.4
adaneg,fp16,four_ood,four,inaturalist,1,shuffled,0.5680000000000001,99.71434889999999,99.93259081741257,99.0819064049153,0.9400000000000001,65.12599999999999,50000,10000,1.042654028436019,99.77451290152712,12.03,4987.4
adaneg,fp16,four_ood,four,inaturalist,2,shuffled,0.688,99.69627019999999,99.92870396584144,99.01099093875203,0.8999999999999999,65.036,50000,10000,2.444757874941232,99.5467925310888,12.143,4941.3
adaneg,fp16,four_ood,four,sun,0,shuffled,10.126,97.27898,99.35113157029402,90.15057491949642,10.58,65.286,50000,10000,9.566446748350613,96.9846229326172,12.185,4924.3
adaneg,fp16,four_ood,four,sun,1,shuffled,10.014000000000001,97.37711519999999,99.3687350425811,90.71102783715857,9.86,65.306,50000,10000,11.232227488151658,97.16266456029491,12.292,4881.3
adaneg,fp16,four_ood,four,sun,2,shuffled,9.376,97.47158050000002,99.38985269482356,90.91125138416794,9.31,65.25,50000,10000,8.697696285848613,97.66539521015947,12.393,4841.4
adaneg,fp16,four_ood,four,places,0,shuffled,34.026,94.15438809999999,98.51865437163345,82.71898547548476,22.35,65.31,50000,10000,32.3751178133836,94.09518245473599,12.525,4790.3
adaneg,fp16,four_ood,four,places,1,shuffled,32.972,94.25226239999999,98.54344709850393,83.20184596578859,21.95,65.306,50000,10000,26.824644549763033,94.80700368615061,12.655,4741.3
adaneg,fp16,four_ood,four,places,2,shuffled,33.879999999999995,94.2159709,98.53208311665475,82.93468214810838,21.77,65.232,50000,10000,37.51763046544429,93.50308526359107,12.759,4702.7
adaneg,fp16,four_ood,four,textures_all,0,shuffled,24.779999999999998,95.83954787234042,99.42527642932208,81.9493398764013,17.322695035460992,65.122,50000,5640,17.66981943250215,95.75341182176952,11.803,4714.0
adaneg,fp16,four_ood,four,textures_all,1,shuffled,25.058000000000003,95.60642358156029,99.4010090431798,80.1918536480144,18.652482269503544,65.23400000000001,50000,5640,26.01800257179597,95.64550757093681,11.951,4655.5
adaneg,fp16,four_ood,four,textures_all,2,shuffled,26.14,95.69644060283686,99.41006484626189,80.92353510529597,17.30496453900709,65.25999999999999,50000,5640,18.785745710514735,96.01311257283272,12.171,4571.5
adaneg,fp32,four_ood,four,inaturalist,0,shuffled,0.5459999999999999,99.7181721,99.93350118294657,99.10014983090804,0.91,65.36999999999999,50000,10000,0.9896324222431668,99.69476112395044,2.809,21361.5
adaneg,fp32,four_ood,four,inaturalist,1,shuffled,0.58,99.7108527,99.93204746771916,99.06399401827186,0.9400000000000001,65.322,50000,10000,1.3270142180094786,99.74628751974724,2.778,21600.6
adaneg,fp32,four_ood,four,inaturalist,2,shuffled,0.7060000000000001,99.6965502,99.9288368996722,99.0069992212544,0.88,65.142,50000,10000,2.3977433004231314,99.5467925310888,2.786,21536.5
adaneg,fp32,four_ood,four,sun,0,shuffled,10.386,97.2258255,99.334964302884,90.05693935043513,10.76,65.508,50000,10000,9.707822808671066,96.97666111491272,2.736,21927.5
adaneg,fp32,four_ood,four,sun,1,shuffled,10.491999999999999,97.2955815,99.34942060733688,90.43648658022231,10.47,65.49199999999999,50000,10000,10.4739336492891,97.09110057925223,2.725,22020.6
adaneg,fp32,four_ood,four,sun,2,shuffled,9.734,97.4034011,99.37320039272251,90.72462988513122,9.83,65.378,50000,10000,8.650681711330513,97.6706612768203,2.757,21763.6
adaneg,fp32,four_ood,four,places,0,shuffled,33.154,94.11872439999999,98.51078907894475,82.54429622077937,22.45,65.456,50000,10000,31.71536286522149,94.03584539441124,2.654,22605.9
adaneg,fp32,four_ood,four,places,1,shuffled,33.082,94.2454656,98.54170441298655,83.13341935466211,21.93,65.53999999999999,50000,10000,26.6824644549763,94.81611374407584,2.69,22308.5
adaneg,fp32,four_ood,four,places,2,shuffled,33.648,94.2162577,98.53501778104355,82.8830977505109,21.990000000000002,65.352,50000,10000,37.18852844381758,93.49841637974747,2.653,22613.4
adaneg,fp32,four_ood,four,textures_all,0,shuffled,24.232,95.70767482269504,99.40821724339966,81.166393513327,17.73049645390071,65.262,50000,5640,17.6268271711092,95.74744067435384,2.492,22324.3
adaneg,fp32,four_ood,four,textures_all,1,shuffled,27.736,95.34992234042554,99.36350144263344,79.33158889765191,19.343971631205672,65.372,50000,5640,25.803686240891555,95.64418579620877,2.503,22232.6
adaneg,fp32,four_ood,four,textures_all,2,shuffled,26.366,95.539729964539,99.38928984087933,80.01566581274105,18.31560283687943,65.392,50000,5640,19.401671799384072,96.02315317980658,2.581,21556.8
adaneg,fp16,near_50k,near,ssb_hard,0,shuffled,74.344,74.90866546938776,75.23318554233428,73.28979474438185,78.62857142857142,65.546,50000,49000,78.45559845559845,69.71987119813207,21.452,4615.0
adaneg,fp16,near_50k,near,ssb_hard,1,shuffled,74.33,74.9916571632653,75.30555581894309,73.46331484918895,77.95102040816326,65.53,50000,49000,81.74962292609351,71.03843220370058,21.48,4608.9
adaneg,fp16,near_50k,near,ssb_hard,2,shuffled,74.30600000000001,74.99216736734694,75.32671389891044,73.37245661434508,78.63469387755102,65.436,50000,49000,76.1425251742835,73.78599737895682,21.7,4562.2
adaneg,fp16,near_50k,near,ninco,0,shuffled,61.324,78.1367193400238,96.74817913759789,35.96894249855646,69.85881952713046,64.836,50000,5879,59.74760661444735,77.8074528797029,12.314,4538.0
adaneg,fp16,near_50k,near,ninco,1,shuffled,59.728,78.76548035380168,96.84150838396646,37.6110405664925,69.92685830923627,64.854,50000,5879,57.461706783369806,78.88076387507459,12.276,4551.8
adaneg,fp16,near_50k,near,ninco,2,shuffled,61.278,78.4886866814084,96.79516569747598,37.12045506799141,69.4675965300221,65.068,50000,5879,59.79965156794426,76.07820913842254,12.213,4575.4
adaneg,fp32,near_50k,near,ssb_hard,0,shuffled,73.74000000000001,75.74074781632653,75.83707786153359,74.13695335070929,77.57551020408164,65.692,50000,49000,77.45173745173746,69.80969676621851,4.038,24514.4
adaneg,fp32,near_50k,near,ssb_hard,1,shuffled,73.80799999999999,75.76136765306123,75.76416741470669,74.31033170759697,76.51020408163265,65.72200000000001,50000,49000,79.26093514328808,71.23372226337237,4.312,22957.2
adaneg,fp32,near_50k,near,ssb_hard,2,shuffled,73.8,75.75439563265306,75.77676238123708,74.14564476570371,77.4673469387755,65.578,50000,49000,74.12858249419055,74.01227141408759,4.113,24072.5
adaneg,fp32,near_50k,near,ninco,0,shuffled,59.46,78.62971610818165,96.82959972328648,36.19757257943721,69.6376934852866,65.054,50000,5879,59.3124456048738,77.75131378762813,2.478,22554.6
adaneg,fp32,near_50k,near,ninco,1,shuffled,59.268,79.0423976866814,96.88839940226578,37.72455899477992,69.24647048817826,65.122,50000,5879,55.88621444201313,78.88577680525162,2.625,21290.8
adaneg,fp32,near_50k,near,ninco,2,shuffled,59.436,78.93273192719849,96.8717378390085,37.064077032049866,69.14441231501957,65.278,50000,5879,59.66898954703833,76.04381137155528,2.47,22623.6
adaneg,fp16,openood_v15,near,ssb_hard,0,shuffled,74.36222222222221,74.68561807256235,73.23248959421056,74.89622299803531,79.57142857142857,65.39555555555555,45000,49000,76.67757774140753,71.28619797973866,20.345,4620.3
adaneg,fp16,openood_v15,near,ssb_hard,1,shuffled,74.33111111111111,74.94034929705215,73.42308203354912,75.32087127664842,78.66938775510204,65.40222222222222,45000,49000,82.1078431372549,70.98444043285977,20.537,4577.2
adaneg,fp16,openood_v15,near,ssb_hard,2,shuffled,74.43555555555555,75.02446287981859,73.50609301637435,75.3072390553319,78.73877551020408,65.39333333333333,45000,49000,72.24000000000001,73.18287022900765,20.555,4573.2
adaneg,fp16,openood_v15,near,ninco,0,shuffled,61.248888888888885,78.18566895352572,96.41271352781618,38.96194906493875,69.41656744344277,65.14666666666666,45000,5879,62.97273526824978,77.66689115633707,11.131,4570.8
adaneg,fp16,openood_v15,near,ninco,1,shuffled,59.68444444444444,78.34264557464421,96.44022502302623,39.07283686387048,69.58666439870727,65.08444444444444,45000,5879,58.18984547461369,76.25659445504546,11.144,4565.5
adaneg,fp16,openood_v15,near,ninco,2,shuffled,59.67333333333333,78.63912796960935,96.48975012260796,39.35142802931049,69.34852866133696,64.96666666666667,45000,5879,64.76821192052981,76.84573652112097,11.136,4568.9
adaneg,fp16,openood_v15,far,inaturalist,0,shuffled,0.4866666666666667,99.73808166666669,99.93169302582264,99.20495722805373,0.8099999999999999,64.98444444444445,45000,10000,0.8941176470588236,99.72300202839756,12.13,4534.0
adaneg,fp16,openood_v15,far,inaturalist,1,shuffled,0.508888888888889,99.74205144444443,99.93267690117638,99.22213165307218,0.8500000000000001,64.88444444444444,45000,10000,0.6631927996210327,99.79168403072674,12.112,4540.9
adaneg,fp16,openood_v15,far,inaturalist,2,shuffled,0.6355555555555555,99.7075812222222,99.92450212898846,99.10941234123429,1.04,64.66888888888889,45000,10000,2.1296734500709893,99.581529489863,12.105,4543.5
adaneg,fp16,openood_v15,far,textures,0,shuffled,16.733333333333334,96.77943044788975,99.56914510991257,84.34679502157113,14.515503875968994,65.0111111111111,45000,5160,22.22709338009645,95.51861332277392,11.002,4559.0
adaneg,fp16,openood_v15,far,textures,1,shuffled,17.406666666666666,96.75527971576228,99.56570509719529,84.2813841719836,14.089147286821705,64.85777777777778,45000,5160,19.58315240990013,96.65687286587787,10.994,4562.7
adaneg,fp16,openood_v15,far,textures,2,shuffled,19.36,96.42243195521102,99.52181493698228,82.81126427110182,15.310077519379844,64.79555555555555,45000,5160,24.18103448275862,96.42465876436782,11.021,4551.2
adaneg,fp16,openood_v15,far,openimage_o,0,shuffled,31.14,93.5608562466304,97.4254383097231,86.83657112084538,31.110971075682148,65.15333333333334,45000,15869,33.971044467425024,92.29918789708958,13.432,4531.7
adaneg,fp16,openood_v15,far,openimage_o,1,shuffled,30.975555555555555,93.45556675838988,97.38707986864206,86.51394505236503,31.829352826265044,65.19555555555556,45000,15869,39.711384286477816,91.32135978137008,13.408,4539.8
adaneg,fp16,openood_v15,far,openimage_o,2,shuffled,31.30888888888889,93.49992991226782,97.40445801964965,86.62411213019013,31.722225723107943,65.34,45000,15869,31.744368779465688,92.14183924638647,13.37,4552.6
adaneg,fp32,openood_v15,near,ssb_hard,0,shuffled,73.93555555555555,75.47458641723355,73.73508641018405,75.74342792591911,77.80204081632654,65.43111111111111,45000,49000,75.69558101472995,71.21947162019673,3.8,24736.8
adaneg,fp32,openood_v15,near,ssb_hard,1,shuffled,73.61999999999999,75.75679764172337,73.97802748986322,76.15209097824356,77.04285714285714,65.58888888888889,45000,49000,77.45098039215686,70.99303231771752,3.798,24748.6
adaneg,fp32,openood_v15,near,ssb_hard,2,shuffled,73.68,75.85318870748299,74.05459507554639,76.14956422366464,76.93877551020408,65.58444444444444,45000,49000,70.48,73.26931297709925,3.83,24544.2
adaneg,fp32,openood_v15,near,ninco,0,shuffled,59.371111111111105,78.78611593052484,96.51765344831584,39.3505488062204,69.21245109712537,65.24444444444445,45000,5879,62.13720316622692,77.66504603575844,2.293,22185.8
adaneg,fp32,openood_v15,near,ninco,1,shuffled,59.35333333333334,78.762730056132,96.51367415686434,39.49380248132982,68.99132505528151,65.14444444444445,45000,5879,58.10154525386313,76.23526770681333,2.239,22723.0
adaneg,fp32,openood_v15,near,ninco,2,shuffled,59.34222222222222,78.99165655534766,96.55113514986375,39.68742638708128,68.80421840449056,65.11555555555556,45000,5879,63.75275938189845,76.85366857484941,2.343,21718.4
adaneg,fp32,openood_v15,far,inaturalist,0,shuffled,0.48444444444444446,99.73510333333333,99.93070520498912,99.19780657133646,0.8200000000000001,65.10666666666667,45000,10000,0.9882352941176471,99.7188370520622,2.64,20836.0
adaneg,fp32,openood_v15,far,inaturalist,1,shuffled,0.5333333333333333,99.737006,99.9313403767066,99.20288542716591,0.88,64.85777777777778,45000,10000,0.8053055423969682,99.78772766260937,2.816,19533.5
adaneg,fp32,openood_v15,far,inaturalist,2,shuffled,0.6622222222222222,99.70102222222222,99.92288166072846,99.08648814905172,1.04,64.88888888888889,45000,10000,2.0350212967345005,99.5958755377121,2.638,20850.2
adaneg,fp32,openood_v15,far,textures,0,shuffled,18.526666666666667,96.50712661498707,99.53121085334969,83.39674293087008,15.69767441860465,65.21333333333334,45000,5160,22.40245506356861,95.49575030759006,2.312,21697.7
adaneg,fp32,openood_v15,far,textures,1,shuffled,17.775555555555556,96.62886197243756,99.54478369416215,83.85148433607452,14.36046511627907,65.02,45000,5160,19.539730785931393,96.66329318381877,2.356,21294.1
adaneg,fp32,openood_v15,far,textures,2,shuffled,19.295555555555556,96.38600236864772,99.51765877931047,82.45568599031398,15.62015503875969,64.97333333333334,45000,5160,23.663793103448274,96.43013649425288,2.27,22094.8
adaneg,fp32,openood_v15,far,openimage_o,0,shuffled,30.61111111111111,93.57920985009207,97.43341559360971,86.85180384313036,30.940828029491463,65.26222222222222,45000,15869,33.66080661840745,92.3098843298499,2.755,22092.9
adaneg,fp32,openood_v15,far,openimage_o,1,shuffled,30.488888888888887,93.51438625972371,97.40775208463528,86.63458834076123,31.482765139580316,65.37111111111112,45000,15869,39.65793693212186,91.32155371226396,2.8,21739.7
adaneg,fp32,openood_v15,far,openimage_o,2,shuffled,30.28,93.5472562858403,97.42546770878958,86.68277952799205,31.58359064843405,65.45333333333333,45000,15869,31.534834992142486,92.15189751190698,2.739,22223.6
neglabel,g100/fp16,four_ood,four,inaturalist,0,shuffled,1.238,99.5202651,99.89070693193172,98.36606114658096,1.81,66.824,50000,10000,1.4608859566446748,99.45128013117633,1.467,40903.6
neglabel,g100/fp16,four_ood,four,sun,0,shuffled,21.398,95.44531050000002,98.95651554045092,81.81875378412917,20.169999999999998,66.824,50000,10000,17.954759660697455,95.98772804152196,1.628,36855.7
neglabel,g100/fp16,four_ood,four,places,0,shuffled,38.6,92.1284078,98.08391090609926,74.13308929317098,32.800000000000004,66.824,50000,10000,40.95193213949105,92.9117228082407,1.535,39095.8
neglabel,g100/fp16,four_ood,four,textures_all,0,shuffled,38.6,91.11750797872341,98.82737318697284,60.01500195491192,42.216312056737586,66.824,50000,5640,39.29492691315563,91.67024935511608,1.578,35269.5
mcm,paper_T1,four_ood,four,inaturalist,0,shuffled,24.2,93.82129559999998,98.67003612619844,73.28571289092896,34.38,66.396,50000,10000,23.6569274269557,94.08135686588426,0.046,1315609.1
mcm,paper_T1,four_ood,four,sun,0,shuffled,29.582000000000004,92.49194279999999,98.27060535595132,71.09705866546744,38.48,66.396,50000,10000,27.521206409048066,93.06961426069142,0.046,1294948.9
mcm,paper_T1,four_ood,four,places,0,shuffled,46.732,89.0308852,97.28425695851487,63.875662530170985,47.910000000000004,66.396,50000,10000,39.58529688972667,90.41052853558502,0.045,1326406.0
mcm,paper_T1,four_ood,four,textures_all,0,shuffled,50.2,86.17436418439716,98.07596785417365,45.183886527071365,58.65248226950355,66.396,50000,5640,45.44282029234738,87.3031358628951,0.042,1334637.7
mcm,openood_aps_tau3.0,four_ood,four,inaturalist,0,shuffled,25.35,93.7593862,98.63874042218865,73.8420084991608,33.29,66.396,50000,10000,29.924599434495757,93.96537254851329,0.05,1205773.5
mcm,openood_aps_tau3.0,four_ood,four,sun,0,shuffled,32.397999999999996,91.66337020000002,98.01357786971886,68.98591299818708,41.15,66.396,50000,10000,29.83034872761546,92.38721116892394,0.051,1184075.8
mcm,openood_aps_tau3.0,four_ood,four,places,0,shuffled,48.506,88.3288561,97.07411961297915,62.329620823962294,50.01,66.396,50000,10000,41.23468426013195,89.82242994676342,0.05,1199498.3
mcm,openood_aps_tau3.0,four_ood,four,textures_all,0,shuffled,52.946000000000005,85.94052127659575,97.9822776339148,45.037010270458225,58.19148936170213,66.396,50000,5640,48.23731728288908,86.9176753312609,0.047,1184735.7
neglabel,g100/fp16,near_50k,near,ssb_hard,0,shuffled,77.616,72.77687824489794,73.53196243330797,70.60637709269065,82.62448979591836,66.824,50000,49000,79.15057915057915,70.31806736154562,2.466,40146.6
neglabel,g100/fp16,near_50k,near,ninco,0,shuffled,60.940000000000005,77.91717162782786,96.71187543461492,39.26560806622891,68.66814084027895,66.824,50000,5879,59.96518711923412,78.00219573608646,1.559,35843.9
mcm,paper_T1,near_50k,near,ssb_hard,0,shuffled,84.366,66.01691571428572,66.02903323562083,62.81475924056325,88.11428571428571,66.396,50000,49000,85.4054054054054,64.80803332977246,0.079,1260695.4
mcm,paper_T1,near_50k,near,ninco,0,shuffled,69.878,73.66303776152408,95.9085430542733,25.43507713703297,79.97958836536826,66.396,50000,5879,73.1940818102698,73.34489333572506,0.043,1287432.6
mcm,openood_aps_tau3.0,near_50k,near,ssb_hard,0,shuffled,84.20400000000001,66.67661238775511,66.56358392850724,63.665162224681524,87.14693877551021,66.396,50000,49000,86.33204633204633,65.34002777481038,0.084,1179416.0
mcm,openood_aps_tau3.0,near_50k,near,ninco,0,shuffled,67.414,75.76143221636333,96.29443729501747,27.257254126570473,78.38067698588195,66.396,50000,5879,71.32288946910357,75.3094293743647,0.048,1174496.2
neglabel,g100/fp16,openood_v15,near,ssb_hard,0,shuffled,77.69333333333334,72.73485916099773,71.55458961225104,72.59145806261562,82.75918367346938,66.78222222222222,45000,49000,75.36824877250409,72.74919328993367,2.389,39351.7
neglabel,g100/fp16,openood_v15,near,ninco,0,shuffled,60.977777777777774,77.87821757290546,96.36130772289135,40.94318865695744,68.78720870896412,66.78222222222222,45000,5879,62.57695690413369,78.56162087692431,1.449,35102.2
neglabel,g100/fp16,openood_v15,far,inaturalist,0,shuffled,1.2466666666666666,99.51713211111112,99.87802348220399,98.47101836155674,1.8399999999999999,66.78222222222222,45000,10000,0.9882352941176471,99.5459634888438,1.357,40531.6
neglabel,g100/fp16,openood_v15,far,textures,0,shuffled,35.27111111111111,91.92726098191216,98.94690633933931,61.95069472654748,40.89147286821706,66.78222222222222,45000,5160,38.49188952213941,91.5049363685361,1.374,36518.7
neglabel,g100/fp16,openood_v15,far,openimage_o,0,shuffled,34.471111111111114,93.34217930136325,97.29169800290391,86.93701742998527,29.756128300460016,66.78222222222222,45000,15869,33.971044467425024,93.89729277003744,1.679,36263.9
mcm,paper_T1,openood_v15,near,ssb_hard,0,shuffled,84.38,65.98686371882086,63.70015553012842,65.20748814048913,88.0734693877551,66.30444444444444,45000,49000,82.48772504091653,65.2672479382717,0.109,859559.5
mcm,paper_T1,openood_v15,near,ninco,0,shuffled,69.91333333333334,73.63550868439455,95.47903221378353,27.3864947076473,79.87753019220956,66.30444444444444,45000,5879,70.22867194371152,74.13509972876727,0.039,1299421.2
mcm,paper_T1,openood_v15,far,inaturalist,0,shuffled,24.25111111111111,93.82184633333334,98.53136273096176,75.25077036548048,34.22,66.30444444444444,45000,10000,24.376470588235293,94.27234617985125,0.043,1274025.8
mcm,paper_T1,openood_v15,far,textures,0,shuffled,46.49777777777778,87.3776048664944,98.26834466607536,47.929844163034176,56.25968992248062,66.30444444444444,45000,5160,44.49802718106094,87.1690558910369,0.039,1283978.4
mcm,paper_T1,openood_v15,far,openimage_o,0,shuffled,34.077777777777776,91.31989441328656,96.70093705132543,77.48202629607333,43.95992186023064,66.30444444444444,45000,15869,36.24612202688728,91.8489052469513,0.047,1287475.1
mcm,openood_aps_tau3.0,openood_v15,near,ssb_hard,0,shuffled,84.2088888888889,66.64364353741496,64.24771194858397,66.02169339914117,87.12448979591836,66.30444444444444,45000,49000,84.12438625204582,66.02808745495511,0.08,1175668.3
mcm,openood_aps_tau3.0,openood_v15,near,ninco,0,shuffled,67.48666666666666,75.7328067887585,95.90354429109283,29.299607457810474,78.31263820377615,66.30444444444444,45000,5879,65.91908531222515,76.1512014810168,0.043,1179797.7
mcm,openood_aps_tau3.0,openood_v15,far,inaturalist,0,shuffled,25.393333333333334,93.75713800000001,98.49568192729838,75.76213978633979,33.22,66.30444444444444,45000,10000,25.835294117647056,94.17433400946585,0.05,1109555.2
mcm,openood_aps_tau3.0,openood_v15,far,textures,0,shuffled,48.964444444444446,87.21504737295434,98.19806121105458,47.80620260341294,55.85271317829458,66.30444444444444,45000,5160,48.61902674265673,86.8327888635903,0.045,1120354.4
mcm,openood_aps_tau3.0,openood_v15,far,openimage_o,0,shuffled,33.01555555555555,91.7578344221088,96.83243337254474,79.048356274175,41.388871384460266,66.30444444444444,45000,15869,34.02275077559462,92.25784762993482,0.055,1106964.7
