config,candidate,geom,kind,val_top1
R0|raw|T,R0,raw,R0,67.25999999999999
R0|cent|T,R0,cent,R0,63.4
"B2(h=0.2,lam=3)|raw|T","B2(h=0.2,lam=3)",raw,B2,62.3
R2(lam=10)|cent|T,R2(lam=10),cent,R2,62.1
"B2(h=0.2,lam=3)|cent|T","B2(h=0.2,lam=3)",cent,B2,62.06
"B2(h=0.1,lam=3)|raw|T","B2(h=0.1,lam=3)",raw,B2,62.0
"B2(h=0.1,lam=3)|cent|T","B2(h=0.1,lam=3)",cent,B2,61.82
R2(lam=3)|cent|T,R2(lam=3),cent,R2,61.480000000000004
R2(lam=1)|cent|T,R2(lam=1),cent,R2,61.36000000000001
"B2(h=0.2,lam=1)|raw|T","B2(h=0.2,lam=1)",raw,B2,61.160000000000004
R2(lam=3)|raw|T,R2(lam=3),raw,R2,61.14000000000001
"B2(h=0.2,lam=1)|cent|T","B2(h=0.2,lam=1)",cent,B2,61.06
R2(lam=1)|raw|T,R2(lam=1),raw,R2,61.040000000000006
"B2(h=0.1,lam=1)|cent|T","B2(h=0.1,lam=1)",cent,B2,60.96
"B2(h=0.1,lam=1)|raw|T","B2(h=0.1,lam=1)",raw,B2,60.96
R2(lam=0.3)|raw|T,R2(lam=0.3),raw,R2,60.9
R2(lam=0.3)|cent|T,R2(lam=0.3),cent,R2,60.88
R2(lam=0.1)|raw|T,R2(lam=0.1),raw,R2,60.78
R2(lam=0.1)|cent|T,R2(lam=0.1),cent,R2,60.6
"B2(h=0.2,lam=0.1)|cent|T","B2(h=0.2,lam=0.1)",cent,B2,60.3
"B2(h=0.2,lam=0.1)|raw|T","B2(h=0.2,lam=0.1)",raw,B2,60.3
"B2(h=0.1,lam=0.1)|cent|T","B2(h=0.1,lam=0.1)",cent,B2,60.22
"B2(h=0.1,lam=0.1)|raw|T","B2(h=0.1,lam=0.1)",raw,B2,60.160000000000004
B1(lam=1)|cent|T,B1(lam=1),cent,B1,60.019999999999996
R2(lam=0.01)|raw|T,R2(lam=0.01),raw,R2,59.64
R2(lam=0.01)|cent|T,R2(lam=0.01),cent,R2,59.62
R2(lam=10)|raw|T,R2(lam=10),raw,R2,59.38
B1(lam=0.1)|cent|T,B1(lam=0.1),cent,B1,59.21999999999999
B1(lam=1)|raw|T,B1(lam=1),raw,B1,57.68
B1(lam=0.1)|raw|T,B1(lam=0.1),raw,B1,57.58
R1|raw|T,R1,raw,R1,49.76
