config,candidate,geom,kind,lam,h,name_top1,catch,steal,pood_auroc,pood_fpr95,pood_tau,t2c_top1,align
R2(lam=3)|raw|T,R2(lam=3),raw,R2,3.0,,65.70221752903907,66.50475184794087,8.112509252405625,96.6439723993731,15.261493964165563,100.0,74.97360084477296,0.8577543504670436
R2(lam=10)|raw|T,R2(lam=10),raw,R2,10.0,,65.1531151003168,67.07497360084477,9.17838638045892,96.60576154639693,15.992559102464568,100.0,74.86800422386483,0.837209548550962
R2(lam=1)|raw|T,R2(lam=1),raw,R2,1.0,,64.9208025343189,63.885955649419216,7.9496669133974835,96.41612869365723,16.445351722458174,100.0,74.86800422386483,0.87188106786104
R2(lam=10)|cent|T,R2(lam=10),cent,R2,10.0,,71.82682154171067,76.13516367476241,8.221070811744386,96.34758158583195,17.65988643802043,75.0,89.22914466737065,0.5273740529006147
B1(lam=1)|raw|T,B1(lam=1),raw,B1,1.0,,61.43611404435058,61.92185850052798,9.607698001480385,96.28079863539747,17.161967392793535,100.0,76.97993664202745,0.8305616926666063
R2(lam=3)|cent|T,R2(lam=3),cent,R2,3.0,,69.73600844772967,72.20696937697994,7.9496669133974835,96.20695931910885,17.55164634424807,50.0,88.91235480464626,0.5775103477549616
B1(lam=1)|cent|T,B1(lam=1),cent,B1,1.0,,67.94086589229144,70.2428722280887,8.709597828768814,96.0310131899141,18.81016273157662,50.0,87.64519535374868,0.536363767762194
R2(lam=0.3)|raw|T,R2(lam=0.3),raw,R2,0.3,,62.23864836325237,58.05702217529039,8.186528497409327,95.95226413020723,18.35016060038666,100.0,72.12249208025344,0.877506235427352
R2(lam=1)|cent|T,R2(lam=1),cent,R2,1.0,,67.6663146779303,67.41288278775079,8.073032321736985,95.93990223629586,19.263765203756982,50.0,86.58922914466737,0.6125552772917657
B1(lam=0.1)|raw|T,B1(lam=0.1),raw,B1,0.1,,58.12038014783527,52.71383315733897,9.168517147791759,95.8998848786578,18.833849385760608,100.0,74.12882787750792,0.8255659146913289
"B2(h=0.2,lam=3)|raw|T","B2(h=0.2,lam=3)",raw,B2,3.0,0.2,59.34530095036959,43.04118268215417,6.9578090303478906,95.66373456269343,21.306175884063265,100.0,78.4582893347413,0.8632669470065087
R0|cent|T,R0,cent,R0,,,72.94614572333685,80.86589229144667,9.558351838144585,95.5956242947873,22.19567977348495,75.0,91.55227032734952,0.38599404839605206
"B2(h=0.2,lam=3)|cent|T","B2(h=0.2,lam=3)",cent,B2,3.0,0.2,64.32946145723336,45.343189017951424,6.632124352331606,95.57537290914183,22.135653285838245,50.0,88.27877507919746,0.6026653194757546
B1(lam=0.1)|cent|T,B1(lam=0.1),cent,B1,0.1,,63.44244984160507,59.535374868004226,8.527017024426351,95.50909705189585,21.49878674399842,50.0,85.42766631467794,0.5210881927445041
R2(lam=0.1)|raw|T,R2(lam=0.1),raw,R2,0.1,,57.402323125659976,49.86272439281943,8.216136195410806,95.50443895645859,20.205410177954363,100.0,70.74973600844773,0.8718790336090098
R2(lam=0.3)|cent|T,R2(lam=0.3),cent,R2,0.3,,64.6040126715945,61.07708553326294,8.383913150752528,95.46746078009564,21.301322860056935,50.0,84.58289334741288,0.6270692812629316
"B2(h=0.2,lam=1)|cent|T","B2(h=0.2,lam=1)",cent,B2,1.0,0.2,63.843717001055964,43.71700105596621,7.244016777695534,95.20097958922057,22.871230457749157,30.0,88.27877507919746,0.6079595621238518
"B2(h=0.2,lam=1)|raw|T","B2(h=0.2,lam=1)",raw,B2,1.0,0.2,59.1129883843717,42.93558606124604,8.201332346410066,95.20037296740045,22.80626569849751,100.0,78.24709609292502,0.8653604208303665
"B2(h=0.1,lam=3)|cent|T","B2(h=0.1,lam=3)",cent,B2,3.0,0.1,62.32312565997888,33.19957761351637,5.822847273624475,95.14463557716047,22.855922424685268,50.0,89.44033790918691,0.5541143992817981
"B2(h=0.2,lam=0.1)|cent|T","B2(h=0.2,lam=0.1)",cent,B2,0.1,0.2,63.21013727560718,42.977824709609294,8.013816925734025,94.93052828078783,24.001309159550015,30.0,87.85638859556494,0.609518161620197
R2(lam=0.1)|cent|T,R2(lam=0.1),cent,R2,0.1,,59.535374868004226,52.86166842661035,8.47273624475697,94.92629334856986,22.7028725396173,50.0,80.35902851108764,0.6140002110291093
"B2(h=0.2,lam=0.1)|raw|T","B2(h=0.2,lam=0.1)",raw,B2,0.1,0.2,59.04963041182682,44.07602956705385,9.652109548482606,94.91384747020768,23.956377585970678,100.0,78.14149947201689,0.8659222570357906
"B2(h=0.1,lam=3)|raw|T","B2(h=0.1,lam=3)",raw,B2,3.0,0.1,53.83315733896515,32.038014783526926,6.306439674315322,94.89886546113652,23.45330715014233,75.0,77.71911298838437,0.8402572937800146
"B2(h=0.1,lam=1)|cent|T","B2(h=0.1,lam=1)",cent,B2,1.0,0.1,61.75290390707497,32.39704329461457,6.419935849987663,94.60879240893485,24.68165806579288,50.0,89.44033790918691,0.5599552708572506
R2(lam=0.01)|raw|T,R2(lam=0.01),raw,R2,0.01,,44.26610348468849,21.119324181626187,7.466074512706637,94.40552780682125,23.59523831270646,75.0,62.09081309398099,0.8335240862389822
"B2(h=0.1,lam=0.1)|cent|T","B2(h=0.1,lam=0.1)",cent,B2,0.1,0.1,61.39387539598733,32.671594508975716,6.88378978534419,94.36151605757783,24.68226697721149,30.0,89.44033790918691,0.5628701988318211
"B2(h=0.1,lam=1)|raw|T","B2(h=0.1,lam=1)",raw,B2,1.0,0.1,53.95987328405491,32.62935586061246,7.471009129040217,94.35627569174112,25.04741288761017,75.0,78.35269271383316,0.8424541519749082
"B2(h=0.1,lam=0.1)|raw|T","B2(h=0.1,lam=0.1)",raw,B2,0.1,0.1,54.10770855332629,33.93875395987328,8.512213175425611,94.0898858453619,25.62518457627376,75.0,78.56388595564943,0.843532113123874
R0|raw|T,R0,raw,R0,,,76.43083421330518,83.52692713833157,8.763878608438194,94.0378541760164,27.42046855733662,150.0,89.12354804646252,0.32854791813427175
R1|raw|T,R1,raw,R1,,,59.17634635691658,62.21752903907075,23.07920059215396,93.93910707764523,29.383921693991567,150.0,71.38331573389651,0.7764757062956722
R2(lam=0.01)|cent|T,R2(lam=0.01),cent,R2,0.01,,47.83526927138332,28.130939809926083,8.349370836417469,93.41888565227289,27.09456089875325,50.0,72.43928194297783,0.5382299631542143
