config,role,mode,tau,omega,val_fpr95,val_auroc,near_fpr95,near_auroc,far_fpr95,far_auroc,four_fpr95,four_auroc,ssb_hard_fpr95,ssb_hard_auroc,ninco_fpr95,ninco_auroc,inaturalist_fpr95,inaturalist_auroc,textures_fpr95,textures_auroc,openimage_o_fpr95,openimage_o_auroc,sun_fpr95,sun_auroc,places_fpr95,places_auroc,textures_all_fpr95,textures_all_auroc
R0|raw|T,text (Z),alone,100.0,0.0,35.480000000000004,92.50729438457174,68.15333333333334,75.25711370118631,23.965925925925927,94.63779114777198,25.787777777777777,94.17181740070922,75.6888888888889,72.78074589569161,60.61777777777778,77.73348150668102,2.16,99.36262999999998,33.86666666666667,91.64418432385874,35.87111111111111,92.90655911945723,22.835555555555555,94.99232488888887,39.48,91.53477688888889,38.675555555555555,90.7975378250591
R0|raw|T,NegLabel form,alone,100.0,0.0,35.480000000000004,92.50729438457174,68.15333333333334,75.25711370118631,23.965925925925927,94.63779114777198,25.787777777777777,94.17181740070922,75.6888888888889,72.78074589569161,60.61777777777778,77.73348150668102,2.16,99.36262999999998,33.86666666666667,91.64418432385874,35.87111111111111,92.90655911945723,22.835555555555555,94.99232488888887,39.48,91.53477688888889,38.675555555555555,90.7975378250591
R0|cent|T,text (Z),alone,50.0,0.0,34.94,92.66568349404423,77.04888888888888,70.95308014008506,24.564444444444444,94.52284348461144,30.662222222222226,93.3440745220646,83.37777777777777,67.72966843537415,70.72,74.17649184479599,2.2444444444444445,99.28171911111112,38.248888888888885,91.17629328165374,33.2,93.11051806106947,26.093333333333334,94.33028311111111,45.07555555555556,90.20681044444444,49.23555555555556,89.55748542159179
R1|raw|T,map,+R0|cent|T,15.0,0.25,34.8,92.64299489506523,76.91999999999999,71.03783520633995,24.54222222222222,94.53703062654886,30.49888888888889,93.38681016193853,83.31555555555555,67.80884385487529,70.52444444444444,74.2668265578046,2.0933333333333337,99.30460533333333,37.91555555555556,91.21566838931955,33.61777777777778,93.09081815699372,25.915555555555553,94.38014733333333,44.87111111111111,90.25420311111111,49.11555555555556,89.60828486997634
R1|raw|T,map,alone,100.0,1.0,53.22,88.88305161656267,82.97777777777777,67.69244168042678,31.899259259259257,92.66167370181113,40.388888888888886,90.20863412884161,86.68444444444444,65.77338820861678,79.27111111111111,69.61149515223677,2.7511111111111113,99.14018711111112,40.14222222222222,89.4275223944875,52.80444444444444,89.41731159983475,46.70666666666667,88.94636088888888,60.52444444444445,85.28659844444444,51.57333333333334,87.46139007092198
R2(lam=3)|raw|T,map,+R0|cent|T,50.0,0.25,33.96,92.8331820760068,76.77111111111111,70.91796972115284,23.22074074074074,94.76888624375403,28.497777777777777,93.7000998821907,83.11111111111111,67.6956631292517,70.43111111111111,74.140276313054,1.5555555555555556,99.42211422222222,35.342222222222226,91.61246253229974,32.76444444444444,93.27208197674011,24.297777777777778,94.6662228888889,43.937777777777775,90.51748755555556,44.2,90.19457486209613
R2(lam=3)|raw|T,map,alone,75.0,1.0,41.44,91.65036301758367,79.78222222222222,67.56948304000286,22.654814814814817,94.24879955928468,28.622222222222224,92.8395452466509,85.80888888888889,64.0513045351474,73.75555555555555,71.08766154485835,1.2,99.5465671111111,27.471111111111114,91.18095521102497,39.29333333333334,92.01887635571799,26.813333333333333,92.86347555555555,54.71111111111111,88.38004533333333,31.764444444444447,90.56809298660363
R2(lam=3)|raw|C,map,+R0|cent|T,75.0,0.5,27.139999999999997,94.69798071469089,75.61111111111111,72.0453344530843,16.557037037037038,96.3808548084654,28.861111111111107,94.0362576824271,82.45777777777778,67.86434507936508,68.76444444444444,76.22632382680351,1.1155555555555556,99.56022622222224,21.959999999999997,94.7492786391042,26.595555555555556,94.83305956406973,32.33333333333333,93.65806088888888,53.022222222222226,89.33939688888888,28.973333333333333,93.58734672970843
R2(lam=3)|raw|C,map,alone,50.0,1.0,32.18,93.1660068065797,76.10222222222222,68.99030066717349,20.423703703703705,95.33752726085801,33.82,91.90314531954294,82.73333333333333,64.74324426303855,69.4711111111111,73.23735707130842,3.84,99.19811133333334,25.706666666666667,93.57800172265289,31.724444444444444,93.23646872658783,41.18222222222222,90.17511955555555,61.31111111111112,85.23893155555555,28.946666666666665,93.00041883372735
R2(lam=10)|raw|T,map,+R0|cent|T,75.0,0.25,34.18,92.72602382302894,76.94,70.89050623007677,23.33925925925926,94.69408170998916,28.996666666666666,93.55205555161544,83.60444444444445,67.64001342403627,70.27555555555556,74.14099903611725,1.6888888888888887,99.39342377777777,34.96,91.52801894918174,33.36888888888889,93.16080240300796,25.128888888888888,94.41118155555553,45.08444444444444,90.32509244444445,44.08444444444444,90.07852442868399
R2(lam=10)|raw|T,map,alone,75.0,1.0,41.14,91.33781622234828,78.95777777777778,68.76008931005049,23.371851851851854,93.84176989849914,28.14,92.6803356390859,85.08888888888889,65.52580353741496,72.82666666666667,71.99437508268602,1.5822222222222224,99.45338466666666,29.44888888888889,90.3390301464255,39.08444444444444,91.73289488240523,27.28888888888889,92.6972711111111,50.511111111111106,88.89768244444444,33.17777777777778,89.67300433412136
R2(lam=10)|raw|C,map,+R0|cent|T,75.0,0.5,25.82,94.78935904707886,74.96222222222224,72.35361222459046,16.302222222222223,96.41489268188532,29.099999999999998,93.83989571118991,81.94666666666667,68.23368548752833,67.97777777777779,76.4735389616526,1.6,99.47334044444445,21.52,94.8531412575366,25.78666666666667,94.91819634367495,33.75555555555555,93.178766,53.16888888888889,88.977608,27.875555555555554,93.72986840031523
R2(lam=10)|raw|C,map,alone,50.0,1.0,31.64,92.29474758933637,76.44444444444446,68.81678122054785,22.84148148148148,94.50022793861143,36.620000000000005,90.86026421315998,82.32000000000001,64.96880879818593,70.56888888888889,72.66475364290979,8.742222222222223,98.17031155555556,27.182222222222226,93.02000473729545,32.6,92.3103675229833,44.56444444444445,88.66846466666667,62.90222222222223,84.15564666666667,30.27111111111111,92.446633963751
R2(lam=1)|raw|T,map,+R0|cent|T,50.0,0.25,33.48,92.92612592172433,76.62444444444444,70.84602652397808,22.761481481481482,94.87441470512454,28.27777777777778,93.78472514066193,83.07111111111111,67.57524217687076,70.17777777777778,74.11681087108542,1.511111111111111,99.44551422222222,34.90222222222222,91.81528165374678,31.871111111111112,93.36244823940459,24.324444444444445,94.73107866666666,43.86222222222222,90.52771311111113,43.413333333333334,90.43459456264775
R2(lam=1)|raw|T,map,alone,75.0,1.0,42.54,91.77406125921723,79.88666666666666,66.69724071291068,22.177777777777777,94.5288994190637,28.20777777777778,93.05704092631993,86.04888888888888,63.137119818594115,73.72444444444444,70.25736160722724,0.9911111111111112,99.59040533333334,26.186666666666667,91.90589879414297,39.355555555555554,92.09039412971481,25.906666666666666,93.07475022222222,56.14222222222223,88.20251800000001,29.791111111111114,91.3604901497242
R2(lam=1)|raw|C,map,+R0|cent|T,50.0,0.5,27.48,94.5233352240499,74.62222222222222,71.84309308476034,17.364444444444445,96.25382273473235,26.275555555555556,94.57739022458628,81.62666666666667,68.03826494331065,67.61777777777777,75.64792122621003,0.7555555555555555,99.6396688888889,24.755555555555556,94.36830620155038,26.582222222222224,94.75349311375778,26.44,94.86079888888888,46.76444444444444,90.54831888888889,31.14222222222222,93.26077423167848
R2(lam=1)|raw|C,map,alone,50.0,1.0,33.2,93.43282473057288,76.19999999999999,68.81673422824774,19.14962962962963,95.66114071761514,31.22111111111111,92.71151444602049,83.07111111111111,64.4080998185941,69.32888888888888,73.22536863790138,1.3955555555555557,99.53331200000002,24.05333333333333,93.90389664082687,32.0,93.54621351201853,36.782222222222224,91.584168,58.986666666666665,86.37648755555556,27.72,93.3520902285264
